,EN_published_at,EN_video_id,EN_title,EN_description
0,2018-04-22T09:38:43.000Z,D4QxqZ9pOSc,22apr2018 grabcar driver of SLT5391R quarrel with grab passenger,grab driver of SLT5391R quarrel with grab passenger the grab driver of slt5391r was upset with the lady rider for booking a 2nd grab car after waiting for 5 mins.
1,2017-10-29T08:18:01.000Z,pO3ZFntIz4Y,Is it worth as Uber/Grab driver in Malaysia? Honest thoughts tips and tricks,"I'm a part-time Uber and Grab driver. Yup, I drive for both. Here's my opinions if you can actually earn money from this platform and some advises I can give."
2,2018-05-18T06:00:57.000Z,JlxgrLH6hu4,The Future of Grab - Your Everyday App,"Read more here: https://grb.to/myfutureyt Soon, you can wake up, book a GrabCar to get to work, pay for your favourite nasi lemak during lunch, deliver gifts to ..."
3,2018-04-26T03:42:48.000Z,l2a8QccHZm4,Headstart: 'Choosy' drivers to bear brunt of destination-masking: Grab,Subscribe to the ABS-CBN News channel! - http://bit.ly/TheABSCBNNews Visit our website at http://news.abs-cbn.com Facebook: ...
4,2018-01-10T12:02:51.000Z,CNWJHBTBnnE,Watch! Isabelle Daza as grab taxi driver,
5,2018-03-26T23:23:18.000Z,PF7XQju1yRo,Uber Agrees to Sell Southeast Asian Operations to Rival Grab,"Mar.26 -- Bloomberg's Eric Newcomer discusses Uber's agreement to sell its Southeast Asian operations to Grab on ""Bloomberg Technology."""
6,2018-06-04T08:55:48.000Z,q6KjYcBrXEk,GRAB DI SUSPEN MASAL/Juni 2018,Driver grab di suspen masal karena menggunakan apk tambahan seperti fake gps dll .
7,2017-01-11T10:00:07.000Z,ZJMlRbmTTLo,[SOCIAL EXPERIMENT] GOJEK vs. GRAB vs. UBER. YANG MANA PALING OKE?,"SKWAD team nyobain pakai GOJEK, GRAB BIKE dan UBER Motor tiga hari berturut-turut untuk ngebuktiin yang mana yang paling oke. PARODI DEBAT ..."
8,2018-06-24T06:19:24.000Z,DW2KMGNPzEA,OOPS - PRANK GRAB BIKE PAKAI MOTOR 1000cc,Video ini direkam dengan - GoPro Hero 4 Black Edition - GoPro Hero 6 Black Edition - DJI Phantom 3 - SLR 6D Untuk tokonya bisa check di ...
9,2017-11-11T07:28:09.000Z,_xzFv3F32NE,Grab Premium Kuala Lumpur to Port Dickson in BMW RM210,"While planning my recent reviews trip, I started researching the best way to get to Port Dickson and was instantly shocked at the rates the car and driver services ..."
10,2018-06-24T21:48:40.000Z,j6vq3sW8oWE,Rated K: Manong Grab Driver with Tourette Syndrome,"Grab driver Marlon Fuentes reveals the challenges of having Tourette syndrome, asserts that his affliction does not affect his performance as a driver, and takes ..."
11,2018-04-07T15:37:46.000Z,vEwtxyRhFVE,GRAB VLOG - AKHIRNYA KETEMU YANG CANTIK !! UDAH CANTIK BERPRESTASI,allo poro dhulur dhulur setanah air setanah bangsa. vlog hiburan kali ini sepertia biasa nganterin kaka arina ketempat tujuan. sperti apa keseruan kaka dahlia ...
12,2018-02-05T08:49:39.000Z,h5adTI9-HD8,GRAB VLOG - KE KOST?? ORDERAN MALAM BARENG CEWEK CANTIK,"vlog ojek kali ini nganter penumpang ke kostnya. udah cantik baik pula. tpi sayang lupa minta nomernya, ya...siapa tau butuh ojek lagi kan. tpi....ya sudahlah."
13,2016-06-01T14:53:32.000Z,dIZdq-mo0bI,Lil Uzi Vert - Grab The Wheel [Official Audio],"Lil Uzi Vert - ""Grab The Wheel"" from the mixtape ‚ÄúLil Uzi Vert Vs. The World"" Download: http://smarturl.it/LilUziVertVsTheWorld Stream: ..."
14,2018-06-28T22:49:37.000Z,JUoCF-nn4R0,Legacy of Discord - Free Codes & Diamonds for Grab 2018,Legacy of Discord - Furious Wings (2018 Free Codes) Here come another Free code + Diamonds for Grab https://lod.gtarcade.com/en/site/newclass.
15,2018-06-16T23:21:25.000Z,LysG6DxXMbo,BALAS DENDAM! AKHIRNYA THR CAIR JUGA! | GOCAR GRAB GOJEK TAKSI ONLINE,"Halo gaes, di video sebelumnya gue jelasin kalau gue gagal dapet THR di hari pertama, tapi akhirnya gue berhasil BALAS DENDAM di hari raya kedua."
16,2018-06-26T10:59:53.000Z,2aIpi-6X2I8,Myanmar national remanded over Grab driver‚Äôs murder,"Investigations into the murder of Grab driver, Aiman Nosri, led to the arrest of a Myanmar national who works at the Selayang wet market on Tuesday."
17,2017-10-04T08:42:25.000Z,mAUrKAVGWrk,"Order Dicancel, Sopir Grab Car Labrak Konsumen","POJOKJABAR.com, BOGOR - Gara-gara order dicancel, seorang sopir grab car mendatangi pelangganya. Merasa kesal, sang sopir lantas memarahi wanita ..."
18,2018-05-24T09:44:46.000Z,U7xkQEZjomQ,Taxi driver association wants Grab to be shut down,PETEKMA president Mohd Syahrir Abdul Aziz who met with the Council of Eminent Persons today called for the government to permanently shut down the ...
19,2017-07-13T05:46:59.000Z,M_7QkpAkfUM,how to use Malaysia grab care,how to use Malaysia grab care Getting Started. Book in Just 2 Taps. Key in your pick-up and drop-off locations to get your estimated fare. Get a Driver. Grab will ...
20,2018-02-17T05:00:00.000Z,A0yRsXPRJv8,GRAB LEBIH DEKAT DENGAN IDOLAMU,"Siapa sih yang nggak ingin dekat dengan idolanya? Di sini, kamu bisa lebih dekat dengan finalis Indonesian Idol favoritmu lho! Siapa nih finalis favoritmu?"
21,2018-06-24T07:41:38.000Z,ie86SlC8H7o,"Grab driver killed, found upside down in car","A Grab driver, believed to have been strangled, was found upside down in the back seat of his Perodua Myvi car at a car park in Taman Selayang Makmur here ..."
22,2018-06-27T23:22:24.000Z,VPkeXA06jFI,CCTV KECELAKAAN GRAB VS BUS BOGOR,27 06 2018.
23,2018-01-22T05:20:45.000Z,_-Xr1yBJr5M,UBER & GRAB Singapore earnings 0530 to 1100 22nd January 2018,Hello my name is Benny! And I'm creating a YouTube channel to guide or show SG uber and grab drivers who are interested to earn money like I do shown in ...
24,2017-09-25T08:46:45.000Z,Itpr_V7DGxA,Supir Gold Driver Marah Dikantor Grab!!! Part 2,"Intinyaa Mr.Jimmy, Tidak terima bila mobil nya ditarik oleh Grab dengan alasan yang tidak jelas.. dan merasa keberatan maka itu langsung mendatangi kantor ..."
25,2018-06-27T20:36:31.000Z,g9EoP8orFR4,[SFV]  How I Time Cody's HOME RUN Command Grab,"Live Stream ¬ª http://www.twitch.tv/AutoMattock I kind of triangulate the audio cue to know where the visual cue is of him holding the pipe back, which seems to be ..."
26,2017-03-27T14:48:23.000Z,rTURhj16Chw,DWTS crotch grab,Awkward hand motion on Dancing with the stars.
27,2018-02-28T13:29:35.000Z,DYl38VqKdkY,GRAB VLOG - PENUMPANG CANTIK INI MIRIP SANG MANTAN,vlog ojek kali ini cuma nganterin kaka ayu ke studio bioskop yg ada dibojonegoro. nah seperti apa keseruannya. ditontok ngatek bar loh yo. hehehehe MATUR ...
28,2018-06-28T02:19:46.000Z,W3QYTlY-4DU,Bill Shorten's tax grab will hurt local jobs,
29,2018-06-27T08:39:58.000Z,sd819v5ISzM,BAWA PENUMPANG BAHE(N*LL) PAKE MOTOR NAKED - GRAB VLOG,salam matoh toh toh toh toh... vlog ojek kali ini nganter penumpang yg bahen*l ke tujuannya. coba...tiap hari kaya gini dapet penumpang yg cantik2 dan ...
30,2018-06-11T15:52:55.000Z,FNFNxIns70g,Debat INSENTIF grab driver vs call center,Debat pembayaran insentif antara mitra grab dengan call center grab .
31,2018-06-28T08:32:31.000Z,HMzh8K9zqBc,BEGINILAH JADINYA OJOL GRAB NAIK SUPERMOTO DTRACKER 150 | TEST RIDE,walahdalah semeleweh wokeh wokeh....ini motor klo digauli enak juga rek nikmat dan nyaman dan ini pertama kalinya kaka nyobain motor supermoto dtracker ...
32,2018-06-28T14:31:58.000Z,pToDXsI27vw,Consumer Reports' top-rated grab and go breakfasts,Nutritionist Maya Feller discusses Consumer Reports' new breakdown of their top picks for on-the-go breakfast from popular chain restaurants.
33,2018-06-28T16:58:23.000Z,jPfgARXQvEc,Grab Lab. iOS Gameplay. World 1. Levels 1 - 10.,Grab Lab. iOS Gameplay. World 1. Levels 1 - 10. App Store - https://goo.gl/4KNYgY Leave the comments with the games you would like to see at my channel!
34,2016-10-13T05:48:29.000Z,i0mXCyDxTeY,how to take a grab car in singapore,"If this is your first time taking grab car, click https://invite.grab.co/yori26026 to download the app and get $8 off for your first trip."
35,2018-06-26T10:58:48.000Z,yghw0qdW5-4,Grab launches academy for drivers' skills training,Video and editing by RYAN LEAGOGO/INQUIRER.net.
36,2018-03-22T05:00:03.000Z,OsMpnd8LLBM,GRAB LEBIH DEKAT DENGAN DANIEL MANANTA,Finalis Indonesian Idol sudah selangkah lebih dekat menuju impiannya menjadi idola! Tapi pencapaian mereka juga didukung oleh fans yang selalu setia ...
37,2016-07-13T20:18:39.000Z,rF0NuzAr1eo,Ball Grab,
38,2018-06-28T12:00:09.000Z,wwcgk2_oaYo,BREAKING - LABOUR POWER GRAB: Corbyn allies plot hard-left TAKEOVER in 'probably illegal' move,JEREMY Corbyn's allies appear to be on the verge of ensuring the hard left will take complete control of Labour with a new power grab. New rules have been ...
39,2018-06-27T01:25:20.000Z,Mk41McXFgrw,A Smol BTS RUN 52 Analysis: Romantic Hand Grab | JIKOOK analysis,OK so this episode was so cute. I love the team efforts! Also are TaeJin shippers still alive? lol Like the video if you liked it! NO COPYRIGHT INFRINGEMENT ...
40,2018-06-23T03:05:31.000Z,KSCKm9yTQbk,BAHAYA !! UJI NYALI JEMPUT DI STASIUN !! | GOCAR GRAB GOJEK TAKSI ONLINE,"Halo guys! Kali ini gue coba uji nyali jemput customer di stasiun, seperti apakah kisahnya? Tonton terus sampai habis ya Ada kritik dan saran? Komen di bawah ..."
41,2018-06-28T02:10:52.000Z,UoEdejoPlx4,HOT NEWS !!! - KECELAKAAN BARANANGSIANG 27 JUNI 2018 KORBAN PENGEMUDI GRAB BIKE DAN DOKTER ..!!,Please Subscribed for free gratis untuk video lainnya terima kasih..
42,2017-04-08T20:22:44.000Z,_4-PMRW9vdI,Grab Em Hard,have a gr8 weekend (fb mash meph) https://soundcloud.com/terrorclown-official/terrorclown-terrorclown_10-years-of-violence-promo-mix-4 TRACKLIST: 01.
43,2018-06-26T08:16:12.000Z,PywDoSNaLiw,PEMBUNUHAN PEMANDU GRAB : SEPASANG WARGA MYANMAR DI TAHAN BANTU SIASATAN [26 JUN 2018],
44,2018-05-12T07:42:07.000Z,OEe3Ii0mdyA,MATAPAT NA GRAB TAXI DRIVER KAHIT WALANG TULOG KANYANG MADALING SINOLI ANG MALAKING HALAGANG PERA,"Matapat na Grab taxi driver kahit wala pang tulog kanyang madaling sinoli ang nagkakahalang PHP350,000.00 na pera. Nagsoli: Mr. Antonio P. Ty Jr. Youtube: ..."
45,2018-05-24T15:23:57.000Z,3qPOO8o37lI,Petekma wants Grab banned,"Malaysian Taxi, Limousine and Rental Car Drivers and Operators Association (Petekma) has appealed to the new government to ban ride-hailing service Grab ..."
46,2018-03-08T07:00:00.000Z,0BIbCLMtcu8,GRAB LEBIH DEKAT DENGAN IDOL FANS,Finalis Indonesian Idol sudah selangkah lebih dekat menuju impiannya menjadi idola! Tapi pencapaian mereka juga didukung oleh fans yang selalu setia ...
47,2016-10-07T21:52:57.000Z,WhsSzIS84ks,"Trump On Tape: I Grab Women ""By The Pu**y‚Äù","A ""hot mic"" catches Donald J. Trump bragging in vulgar terms about making sexual advances toward a married woman, aggressively kissing and groping other ..."
48,2016-10-07T22:42:13.000Z,wFEqVARTYkY,"Trump defends crude language from 2005 as ""locker room"" talk","Video of Donald Trump making crude references to women during a ""Hollywood Access"" outtake has surfaced. Trump defended the language as ""locker room ..."
49,2018-06-28T18:16:40.000Z,jexMc7abzYY,Grab Lab. World 1. Levels 13. Walkthrough.,Grab Lab. World 1. Levels 13. Walkthrough. Leave the comments with the games you would like to see at my channel! –ü–∏—à–∏—Ç–µ –∫–∞–∫–∏–µ –µ—â–µ –∏–≥—Ä—ã –≤—ã —Ö–æ—Ç–µ–ª–∏ –±—ã ...
50,2017-10-28T21:28:10.000Z,2PzZWOGWMrA,SIERRA KIDD - BIS INS GRAB (Official Audio) prod. by Jura Kez,"Danke an jeden der ein Abo da l√§sst.. TICKETS f√ºr die ""REST IN PEACE"" Tour 2017: http://eventim.de/sierra-kidd 17.11.17 - K√ñLN - CLUB BAHNHOF ..."
51,2018-06-26T21:15:18.000Z,csBpeWNeH8s,Drugs taken from Walgreens Pharmacy during latest smash-and-grab robbery,"Eastpointe police say that around 12:45 on Tuesday morning, four men used a stolen truck to break into Walgreens."
52,2018-06-26T12:30:56.000Z,GD9JrSKVpvw,Elementor Marketplace Has Opened! Grab The Best Deal,Check Newly Opened Elementor Marketplace Yourself: https://www.templatemonster.com/elementor-marketplace/ Subscribe to Our Channel: ...
53,2018-06-28T18:46:12.000Z,m_ONZb6k6_4,Grab Lab. World 2. Levels 18. Walkthrough.,Grab Lab. World 2. Levels 18. Walkthrough. Leave the comments with the games you would like to see at my channel! –ü–∏—à–∏—Ç–µ –∫–∞–∫–∏–µ –µ—â–µ –∏–≥—Ä—ã –≤—ã —Ö–æ—Ç–µ–ª–∏ –±—ã ...
54,2018-06-28T18:20:54.000Z,iOjMRIoW_io,Grab Lab. World 1. Levels 14. Walkthrough.,Grab Lab. World 1. Levels 14. Walkthrough. Leave the comments with the games you would like to see at my channel! –ü–∏—à–∏—Ç–µ –∫–∞–∫–∏–µ –µ—â–µ –∏–≥—Ä—ã –≤—ã —Ö–æ—Ç–µ–ª–∏ –±—ã ...
55,2018-03-01T13:13:09.000Z,uueCMU3aLbU,MIRIS !! X-TRAIL VS GRAB BIKE DI UNDERPASS SENEN JAKARTA PUSAT,"Keributan terjadi di underpass Senen, Jakarta Pusat, antara pengendara ojek online dan pengemudi mobil, Rabu (28/2/2018). Kejadian bermula ketika salah ..."
56,2018-06-27T19:32:25.000Z,uwH7eUWM1WM,hifold - the grab-and-go highback booster,"Sign-up to be alerted on when hifold will go live: https://gethifold.com hifold the grab-and-go highback booster hifold is the most advanced, compact, portable ..."
57,2013-10-17T20:00:02.000Z,BDAwxwr9j3I,Grab The Cat!,My vision of the cutest game ever! SUBSCRIBE: http://bit.ly/IWantMORE Spider Arcade IRL ‚ñª http://youtu.be/xQwurqZQmwc Mr.TVCow Intro ...
58,2018-06-27T15:11:05.000Z,gTKku97yJgQ,UnoTheActivist - Jesus grab the wheel [Prod Rubi rosa],
59,2015-06-20T15:24:08.000Z,mVjTFQyyV3U,HAD TO GRAB THE BOOTY!!,Welcome to FOUSEY GAMING! New Vlog Channel: https://www.youtube.com/fousey RAWR Merch: https://www.SHOPFOUSEY.com/ Follow Me Here: Instagram: ...
60,2014-06-17T15:50:40.000Z,sKTXtjTYs1o,Cartier Watch Smash & Grab,Troy Police release video and photos of brazen smash and grab at Sak's 5th Avenue at the Somerset Collection.
61,2014-04-28T15:12:07.000Z,vgaVOXIWrHE,How To Install Bathroom Grab Bars,This video shows how to install grab bars in a tub or shower. If you or someone you know is disabled or just getting older and needs a little help getting in and ...
62,2016-09-10T06:19:45.000Z,tW-MnJqtVuo,How to use Grab App (FREE GRAB PROMO CODE),"bit.ly/grabforty If you download the app here, this is what will happen. First you get a 40PH Peso discount when you use the app and I too will get a 40PH Peso ..."
63,2018-06-27T12:29:22.000Z,BiYEVyEcbII,Grab Driver Murder,"At the Selayang Magistrates Court, three workers of a frozen food shop at the Selayang wet market, were remanded for seven days. This to facilitate police ..."
64,2018-06-25T08:22:19.000Z,j39MS7sGNSc,"""Grab The Mouse"" Shimeji's Funniest Moments","We were just hanging out and up really late, messing around with the Shimeji's and the most funniest of things happened in this video! LMFAO We thought of ..."
65,2010-09-14T07:08:59.000Z,duw67qqefAI,Mac OSX Tutorial: Screen Capturing With Grab,http://www.smartertutorials.com Grab is an application that allows you to take pictures of your computer's screen. It comes free with Apple Macintosh Computers ...
66,2008-12-01T20:03:31.000Z,uJr3UaAQOVE,AC/DC-Smash n' Grab+Lyrics,"aus dem aktuellen ""Black Ice"" Album!!! *lyrics* Come on and blow your mind Oh, youre out of time Ooh, beat your chest Join in like all the rest Ooh, shoveem ..."
67,2017-11-08T09:52:49.000Z,t-kB00qMBrI,Delivery Boy Job - GRAB Rider - Video Job Description,"To Apply, give a Missed Call on 08039118134. (Please add Zero before the number) OR use the Application Links below: Mumbai: https://goo.gl/UEQQdN ..."
68,2017-06-08T13:49:31.000Z,3kVwN2yd8BA,Chief Keef -  Grab A Star,"After much anticipation, Chief Keef delivers ""Thot Breaker"" http://piff.me/6dd0e9a http://piff.me/6dd0e9a http://piff.me/6dd0e9a Powered by @DatPiff."
69,2017-02-14T22:00:02.000Z,Eca1peC7OHc,Grab that Grotto 5,"You know wherever you find love, it feels like Christmas Editor: Holy Mackerel The Third https://www.youtube.com/channel/UCWQfOwdO0OfuKTb6p4-P1Ag ..."
70,2016-10-08T04:00:33.000Z,S9YxXJBvYS4,"DONALD TRUMP: ""GRAB HER BY THE P***Y"" VIDEO!!",hope you enjoyed the video! Go to this link for your very own Donald Trump toilet paper!! http://amzn.to/2xgFJeU.
71,2016-08-10T06:51:23.000Z,CEC91RUooEU,"Use Grab Bali, Not Taxis | Cheapest Airport Transfer, Better Than Uber, Private Driver","If you're looking for the best and cheapest way to travel in style during your stay on Bali, look no further than your phone and the app Grab. I've been a huge fan ..."
72,2018-06-25T02:15:56.000Z,xigOH0mZPbg,Cops Intensify Probe On Grab Driver Murder,"Police are intensifying a probe into the murder of a 27-year-old Grab driver, who was found in his vehicle with strangulation marks on his neck, at a parking lot in ..."
73,2018-05-23T13:15:24.000Z,qYCGroZxJtU,PJ Masks Romeo's Grab Attack Steals Lunch Money,Just Play sent us the new PJ Masks Romeo's Lab playset to test. In our PJ Masks episodes today Romeo starts using the PJ Masks Lab Grab to steal all kinds of ...
74,2017-02-15T20:43:33.000Z,gPHs1L7AuQk,Jowst - Grab The Moment (Official Audio) Norway 2017,"JOWST will be compete in the Grand Final of the Melodi Grand Prix 2017, Norway. All songs in competion (Running Order) - Ammunition ‚Äì Wrecking crew ..."
75,2015-06-20T19:58:17.000Z,FHm5H3OfvPM,Mall Grab - Feel U,Collect-Call   ‚Äì CC-001 http://collect-call.bandcamp.com/album/feel-u-ep-cc-001 http://www.discogs.com/Mall-Grab-Feel-U/release/7012546.
76,2016-06-09T12:19:36.000Z,SiFXcwfacaI,how to defend leg grab in fight,"how to defend leg grab in fight Subscribe for more videos, click here: https://www.youtube.com/user/138mws Why not become a long distance student and be ..."
77,2011-02-24T01:18:52.000Z,npkBw-Ffuzg,"Smash, Grab, Smash","The two tribes swim, grab keys and smash tiles to win immunity and fishing gear."
78,2018-06-27T14:13:37.000Z,XFUSdzGkdOM,"Pitiful for a small baby monkey Ollie, Why kidnapper grab Ollie like this? Don't do like this on it!","Pitiful for a small baby monkey Ollie, Why kidnapper grab Ollie like this? Don't do like this on it! Pitiful baby monkey, Why kidnapper do like this on small baby ..."
79,2015-03-10T21:00:00.000Z,LxlmbI-V0Og,Nerd¬≥ FW - Grab Them By The Eyes,Sign Fightin'! Game Link: http://terrycavanaghgames.com/grabthembytheeyes/ End theme by the incredible Dan Bull: http://www.youtube.com/user/douglby All ...
80,2018-03-21T15:47:42.000Z,3XRHH6hwRfw,T4WUR4N OJOL GRAB VS GOJEK,Tidak tahu apa penyebabnya. Tiba 2 terjadi p3rkelahi4n antar ojol yaitu grab dengan gojek .
81,2017-06-10T12:15:02.000Z,yIz5xEHp-0s,PANDUAN APLIKASI GRAB DRIVER 5.17 TUTORIAL GRAB NOW,Panduan menggunakan aplikasi grab driver lengkap.
82,2017-07-03T15:00:08.000Z,UHO1Cvqp-Fo,DOES THIS ARM LOOK NORMAL TO YOU? | Grab The Bottle,Also that baby's got a serious drinking problem... Subscribe Today! ‚ñª http://bit.ly/Markiplier Grab The Bottle ...
83,2018-06-26T12:14:18.000Z,xxyOSbeeJr8,"Grab's passenger wait time solution? Add more cars on the road, says Cu",Video and editing by RYAN LEAGOGO/INQUIRER.net.
84,2014-12-13T19:36:01.000Z,qSJScv_S0Hs,Grab and Kiss,
85,2014-06-03T12:38:33.000Z,fymn_pdIXW8,Kafka Band - Grab/Hrob/The Grave,Lyrics: Franz Kafka (Das Schloss -- The Castle / Z√°mek) Music: Kafka Band Album: Das Schloss http://www.supraphonline.cz/album/62443-das-schloss ...
86,2007-01-23T05:18:02.000Z,lhfjzmPrJ-g,Tupac -Grab The Mic,Old school Hip-Hop themed song & video featuring Rakim and Tupac. By Praylu Productions.
87,2014-08-25T19:31:44.000Z,_eEMDfUwS3o,Smash and Grab,A bumper short for Adult Swim by Marc M. www.SickAnimation.com.
88,2016-09-13T09:43:55.000Z,ci5TTUjJ22U,Mall Grab - I Just Wanna - Hot Haus Recs,Available now from UTTU Bandcamp: https://unknowntotheunknown.bandcamp.com/album/i-just-wanna.
89,2016-07-28T18:04:26.000Z,MWoPYICAbw4,Mall Grab Boiler Room Paris DJ set,Australian sample-house champion Mall Grab makes his debut on our screens in Paris. ‚ñª Subscribe to our YT channel: http://blrrm.tv/YT.
90,2018-06-26T08:56:18.000Z,Rrc7UOUAw5w,Grab lancar GrabPay,"Bagi memudahkan transaksi perbelanjaan harian, penyedia perkhidmatan pengangkutan dalam talian Grab memperkenalkan GrabPay Mobile Wallet yang ..."
91,2017-11-21T20:40:41.000Z,kUi-SeLiO9c,Chicken Grab,Get the whole party into the holiday spirit when you cater with Chick-fil-A.
92,2018-06-25T18:45:02.000Z,5Cgt_7QTiNA,COMO HACER SUPERMAN GRAB CON EL SKATEBOARD,"Video de skate progression donde intentar√© aprender el truco de skate ""SUPERMAN GRAB"" un truco que encontr√© ayer por youtube y me gusto mucho."
93,2017-05-11T20:13:36.000Z,e22HgB_pHxo,JOWST - Grab The Moment (Norway) LIVE at the second Semi-Final,"JOWST represented Norway at the 2017 Eurovision Song Contest in Kyiv with the song Grab The Moment. If you want to know more about JOWST, visit ..."
94,2018-02-27T19:19:39.000Z,hm6COzCAQhg,Loods & Mall Grab - Love Is Real,https://soundcloud.com/steelcitydancediscs http://www.shallnotfade.co.uk/album/loods-mall-grab-love-is-real Deep & LoFi House for June 2018: ...
95,2016-09-16T23:00:01.000Z,TZl890jSvQI,Dragonball Z Abridged MUSIC: GRAB A BOWL - (A Dragon Soul Song Parody Remix) - Team Four Star,Please support the official release! ‚û§http://bit.ly/TFSFuniStore Dragon Soul is all well and good...but remember that little ditty Goku sang in DBZA Episode 52?
96,2010-04-09T05:20:11.000Z,juS9dgfNKxw,Ice Climbers Chain Grab Tutorial,"I put a lot of work into this, and of course the countless hours practicing as the Ice Climbers. Thank you all for the inspiration. THE MUSIC IS OPEN YOUR ..."
97,2018-05-11T10:04:17.000Z,HkJLMHDqxUY,Mall Grab b2b Denis Sulta b2b Mella Dee @ AMP Lost & Found Festival 2018 (BE-AT.TV),"Huge b2b session with Mall Grab, Denis Sulta and Mella Dee - full DJ set recorded LIVE at AMP Lost & Found Festival 2018 in Malta. -- Subscribe to our channel ..."
98,2018-04-11T21:00:00.000Z,NIMKmOxrmbI,Grab CEO Anthony Tan on pitching to Softbank and a potential IPO | CNBC Conversation,Anthony Tan reflects on the lessons in leadership he has learned and the potential for his company to go public. Subscribe to CNBC Life: http://cnb.cx/2wAkfMv ...
99,2018-03-02T17:07:25.000Z,OROlggj26q0,Mall Grab - Feel Good House (EAcapella),Like our Spotify playlist: http://motive.lnk.to/spotify MOTIVE ¬ª Facebook: http://motive.house/facebook ¬ª Instagram: http://motive.house/instagram ¬ª Twitter: ...
100,2016-10-14T13:00:02.000Z,RTxQn6S4BKI,will.i.am ft Apl.de.ap and Liane V - GRAB'm by the PU$$Y (Official Music Video),Subscribe now: https://www.youtube.com/c/funnyordie?sub_confirmation=1 will.i.am channels the 2016 election as Mc Donald T. Rump in his newest track ...
101,2018-06-25T20:12:30.000Z,IYEXHKCmdNY,HOW TO DO EVERY GRAB IN STEEP! - STEEP Tutorial,HEY PEEPS! Bringing you a steep tutorial video that shows you how to do every grab in the game! Hopefully this video helped you guys out!
102,2011-11-15T14:11:10.000Z,9MILC3nop0c,Loctite Power Grab,http://www.askthebuilder.com/Loctite_Power_Grab.shtml founder Tim Carter demonstrates a clear adhesive that's good for some exterior and many interior ...
103,2017-04-24T11:58:12.000Z,21EsG0dV4gA,The Black Angels - Grab as Much (as You Can),"Death Song (2017) I do not own this song, nor do I intend to break any copyrights. If you want this material to be deleted, please notify me."
104,2013-08-06T22:16:17.000Z,KtgPvf2Ngvk,Hundreds Grab The Sunset Live,
105,2018-06-26T19:00:01.000Z,4MUmTayngk8,How Are That Babies Arms So Long...... Grab The Bottle!!!! : Part 1 | Cheap Nintendo Games,Hey guys and welcome to part 1 of Grab the Bottle!!!! This game is exremely weird but alot of fun if your into puzzle games like this one!!!!! I hope you ...
106,2015-09-30T01:36:28.000Z,yU6WC4dpaHM,Grab That Auto 5,Clones of clones of clones of clones Connect with me! http://www.twitter.com/jerma985 http://www.twitch.tv/jerma985 ...
107,2018-03-29T04:37:20.000Z,wFCDid1uvEU,Grab and Uber Merger: What Really Happened,LEAKED video of Grab and Uber merger discussions #GrabUber Watch our other MOF vids! ‚û§ http://bit.ly/JoinTheMinistry Remember to SUBSCRIBE AND HIT ...
108,2017-05-13T20:31:46.000Z,U-Bk0PCotY0,JOWST - Grab The Moment (Norway) LIVE at the Grand Final of the 2017 Eurovision Song Contest,"JOWST represented Norway at the 2017 Eurovision Song Contest in Kyiv with the song Grab The Moment. If you want to know more about JOWST, visit ..."
109,2017-02-24T20:26:17.000Z,I4fCXVfbOjQ,JOWST - Grab The Moment (Lyric Video),www.JOWSTmusic.com Spotify: https://goo.gl/TmSEKD Facebook: https://goo.gl/iUUasn Vocals: Aleksander Walmann Copyright: Three15 Records Produced ...
110,2016-06-13T22:58:56.000Z,5Sa20gEeaNo,"Everyone vs. Uber | Jean Liu President, Didi and Anthony Tan CEO, Grab | Code Conference 2016",Didi Chuxing President Jean Liu and Grab Group CEO Anthony Tan talk with The Verge's Walt Mossberg and Recode's Kara Swisher about operating ...
111,2018-04-02T17:00:10.000Z,YvEGAcgpwqQ,Grab Your Partner | Kevin Hart: What The Fit | Laugh Out Loud Network,"To Kevin Hart, they're not partner push-ups‚Äîthey're human coffee tables. Enjoy Kevin's clever naming conventions, and break a sweat while you're at it with this ..."
112,2017-05-06T22:05:31.000Z,0Q-WLEezcBQ,Stolniygrad  - Grab the axe (english subtitles),reupload from europeanunity565 because the video was forbiden in several countries.
113,2014-06-21T15:40:54.000Z,B7abZQVXVNs,Grab This Thing (Pt 1 & 2) - The Mar-Keys (1965)  (HD Quality),"""Grab This Thing (Pt 1 & 2)"" - The Mar-Keys (1965) Popcorn classic! No copyright infringement intended. Only for amusement purposes."
114,2017-03-29T10:48:06.000Z,5XFX3LCBCMY,London: ON AIR at fabric: Mall Grab,Rising house star Mall Grab played to a packed fabriclondon room 1 at London: ON AIR on Air Max Day. Subscribe to RA's YouTube channel: ...
115,2018-06-26T14:35:14.000Z,jzRi826dit4,***PLEASE ALL GRAB THIS LATEST NEWS - SORRY IT WAS DELAYED***,CONNECT / CONTACT WITH ETNM: Hope Gypsy Community Email us at ‚Äì endtimesnewsministry@hotmail.com End Times News Ministry: any clips used in our ...
116,2007-08-16T02:01:50.000Z,sVBGfNl6YVM,Chthonic - Live - 05 - Grab The Soul To Hell,"Taken from Chthonic's - 'A Decade On The Throne' DVD (10th Anniversary Concert, Huashan Culture Park, Taipei, Taiwan. February 3rd, 2006)"
117,2017-01-01T22:30:25.000Z,XaJyZ7lmHiM,Marth's Grab Range,fuck.
118,2018-04-10T08:55:13.000Z,2_rmaEBQLuU,RDX - Grab,Music video by RDX performing Grab. (C) 2018 21st Blaqk Sheep Music http://vevo.ly/Fc3lDL.
119,2015-11-20T13:38:43.000Z,xjOfp0abxMc,HOW TO 360 ON SKIS | MUTE GRAB,This is a sample from our second spinning video from our full tutorials at: https://stompittutorials.com/intermediate You will learn step by step how to do your first ...
120,2018-06-11T19:24:28.000Z,DaY6KCAP53Q,Got a Flight? Grab a Bite!,Got a connecting flight and need to grab a bite? Our game show host will show you egg-zactly how to order food on the fly!
121,2016-02-18T15:34:54.000Z,5cdr7avoRpY,Duo Iten-Grab - Du,Du vom Duo Iten-Grab F√ºr weitere Infos oder downloads abonnieren Sie uns doch oder besuchen Sie: www.gruezishop.ch www.gruezimusic.ch Oder besuchen ...
122,2008-06-08T00:44:48.000Z,qpoIlj0G90I,Grab The Gauge - Three 6 Mafia,dope.
123,2017-12-14T23:51:17.000Z,DL8UDmRWAzc,"Timbaland, 6LACK - Grab The Wheel",Timbaland x 6lack perform the new single ‚ÄúGrab The Wheel‚Äù GTW - http://smarturl.it/GrabtheWheel Follow Timbaland http://www.timbalandmusic.com/ ...
124,2016-01-26T18:26:47.000Z,yoN6yD3ME_Y,Mall Grab - Can't,CHURCHM001.
125,2016-11-03T20:00:00.000Z,GZc8tBtIDhI,Grab US by the Pussy (Official) | NEO MAGAZIN ROYALE mit Jan B√∂hmermann - ZDFneo,Amerika hat uns Deutschen so oft aus der Schei√üe geholfen. Jetzt ist es f√ºr uns an der Zeit dem gro√üartigsten Land der Welt etwas zur√ºckzugeben - eine ...
126,2014-01-16T15:32:36.000Z,jBJ_jGZNyps,"Disclosure - ""Grab Her"" (Official Video)",If you thought your boss sucked... Buy the 'Settle' Special Edition here: http://po.st/SettleSEytd Click here now to subscribe to THUMP: ...
127,2013-07-28T20:33:38.000Z,r8x5es9Y8tk,Beyond Scared Straight Grab The Comb,"Beyond Scared Straight Season 4 Episode 6 - St. Clair County, IL."
128,2016-10-25T20:07:44.000Z,V6JzrHHLM-4,FDIC 2017 Residential Primary Search: Making the Grab,"When Things Go Bad Inc, Brothers in Battle and Rogue Fire LLC have teamed up for the newest HOT class for FDIC-Residential Primary Search: Making the ..."
129,2007-07-07T14:25:14.000Z,nL61zNEmqZY,Triple 6 Mafia-Grab the Gauge,grab da gauge n den erase grab da gauge n den erase ride up on da scene lookin fur sum niggaz in da front page.
130,2018-06-25T22:05:44.000Z,ls-b2Cg-xKQ,Grab-And-Ride Lime Bikes Popping Up Across Yonkers,Brightly colored bikes anyone can pick up and drop off anywhere are popping up all over Yonkers. CBS2's Elise Finch reports.
131,2017-06-14T22:27:28.000Z,gMbIiVIblIE,Grab It Commercial As Seen On TV,"Buy direct from As Seen On TV, Inc. - http://nwez.co/q3r0 Grab It grabs where you can't and the locking ratcheting action locks onto the item and holds on tight ..."
132,2013-05-31T00:33:39.000Z,1HdddVnyapo,Disclosure - Grab Her (HD),"Taken from the album ""Settle"" 2013 https://www.facebook.com/disclosureuk‚Äé"
133,2013-07-25T12:33:14.000Z,yJncQMNQmGY,Grab Tool,Learn how to use the grab tool on a mac.
134,2016-10-08T19:14:17.000Z,73n5zeMjrGM,AotCR Banshee Grab Tutorial,Original video by Rockslider: https://www.youtube.com/watch?v=_nRg6wDxyx0&feature=youtu.be Showing how to do the relatively new method for this trick.
135,2016-01-13T15:17:15.000Z,K-NoeBxoqh8,Zephyr - Grab The Wall,Download Link ‚ô´ ‚û• http://bit.ly/1RDEZIv Follow our IG: http://instagram.com/trapnation ‚ô´ Support Trap Nation ‚ô´ ‚ô¢http://soundcloud.com/alltrapnation ...
136,2018-04-23T06:10:37.000Z,jZe7Ms15tVg,"DEMO OJOL 234 , MERINDING GOJEK & GRAB NYANYIKAN LAGU INDONESIA RAYA",MERINDING... GOJEK DAN GRAB NYANYIKAN LAGU INDONESIA RAYA DI DEMO KENAIKAN TARIF 23 APRIL 2018 ( 2.3.4 ) Perkiraan TARIF baru Ojek ...
137,2017-03-30T14:42:58.000Z,rQpEAUmd4Go,The Big GRAB,"GRAB, or Galactic Radiation and Background Satellite was the world's first intelligence satellite, designed to collect Soviet air defense radar signals. Watch this ..."
138,2016-09-28T16:47:31.000Z,GeyBWk_zPOA,Mall Grab - Mountain (With Yaeji),Yaeji: https://soundcloud.com/kraejiyaeji https://www.facebook.com/kraejiyaeji https://www.instagram.com/kraejiyaeji/ _ Mall Grab!
139,2015-07-06T20:34:20.000Z,MaHDYuPX7gY,Steve Johnson   Installing a Grab Bar SD,Home Freedom grab bar installation video. Grab bar mounted on tile shower wall.
140,2018-06-25T18:54:05.000Z,4GXcrn11P70,Mod Grab Versi 5 42 1 Gacor Sampai Tutup Poin Aman Terbaru,Mod Grabbike Terbaru Versi 5.42.1 Gacor abis tanpa takut terkena hack karena mod grab ini saya bikin sendiri tanpa adanya modus. silahkkan download di ...
141,2016-10-08T18:11:42.000Z,tl5HJBnPitU,Trump Caught on Hot Mic Saying 'Grab Them by the P*ssy',"Breaking news: Donald Trump is a misogynistic scumbag. Also, the sky is blue. On Friday, the Washington Post published a 2005 recording in which the ..."
142,2009-10-15T17:04:16.000Z,r1cSk_Z8TjM,Sum 41- Grab the devil by the Horns and Fuck him up the Ass,Grab the devil by the Horns and Fuck him up the Ass by sum 41.
143,2012-08-17T15:20:50.000Z,ZGvcsD9pXXw,How to Get Out of a Single Lapel Grab | Jiu Jitsu,"Watch more Brazilian Jiu Jitsu videos: http://www.howcast.com/videos/503533-How-to-Get-Out-of-a-Single-Lapel-Grab-Jiu-Jitsu So, You grab by your lapel here, ..."
144,2011-04-10T18:30:34.000Z,cYzMDCQPxL4,Sum 41 - Grab The Devil By The Horns,Sum 41 - Grab The Devil By The Horns I don't own this song and have no rights of it.
145,2015-11-01T21:27:54.000Z,8_xLni68vps,Mall Grab - Orange County,https://shallnotfade.bandcamp.com/album/alone-ep https://www.facebook.com/stillmallgrab https://soundcloud.com/mallgrab ...
146,2013-01-06T09:28:40.000Z,XTF9VY7mTM4,Man has 156 seconds to grab free stuff,https://goo.gl/1SAfPR - The all new TV Firestick with voice control remote. Stream your fav shows. This lucky man had 156 seconds to pick up whatever he ...
147,2013-11-09T17:01:35.000Z,kolxSFJmSvY,How To Defend Against A Throat Grab,You broke my abs! Sensei Nigel Lee demonstrates how to defend against a grab to the throat with a simple strike to the elbow. For any suggestions or questions ...
148,2017-08-14T03:10:08.000Z,j68j5XgBS1g,How to Use GRAB via ShopBack üöò,Get P5 Cashback from your GrabCar and GrabShare rides! Here's a quick video on how to book your ride #TheSmarterWay with ShopBack! Try it out here: ...
149,2011-02-17T07:47:34.000Z,4H3Ht8dawqw,WWE NXT: Rookie Challenge: Smash and Grab,WWE NXT: Rookie Challenge: Smash and Grab More WWE - http://www.wwe.com/
150,2016-11-27T22:19:18.000Z,4Q8IngUTneM,AMAZING DOUBLE GRAB LUCKY CUP CLAW MACHINE WIN!,SUBSCRIBE: https://www.youtube.com/user/CarsonScheer99 YOU GUYS ROCK! :D Subscribe to MicMe TV ...
151,2018-03-02T06:25:45.000Z,rHW4mJNAmqg,Loods & Mall Grab - Sweetness,Novaj Êñ∞„Åó Sensations & feelings pre-order it http://www.shallnotfade.co.uk/album/loods-mall-grab-love-is-real Follow Mall Grab https://soundcloud.com/mallgrab ...
152,2010-12-15T14:56:21.000Z,DwrkCGCHfXQ,Awesome Self-Defense - Wrist Grab Release Techniques,An essential part of any remotely decent self-defense arsenal is the ability to release a wrist grab. This short video demostrates some of the basic wrist grab ...
153,2006-08-27T19:57:34.000Z,j8USt5SGA20,Female Allstars - Grab That Mic,
154,2009-02-11T03:23:54.000Z,MdLj5A4tN6M,2Pac - Grab The Mic (Unreleased),2Pac - Grab The Mic aka Starin' Through My Rearview Pt. 2 (Unreleased)
155,2018-01-30T04:08:50.000Z,M-TgkGRNz_0,Understand more and improve your English pronunciation with the BREAK& GRAB METHOD,"Do you know what Active Listening is? I will show you how you can use Active Listening and my ""BREAK & GRAB"" method to improve your ability to listen and to ..."
156,2018-06-24T03:16:38.000Z,Zzvn5Jmrl_M,La Stella dives into the stands to make a great grab,Tommy La Stella goes head first into the stands to make an outstanding catch against the Reds in Cincinnati About Major League Baseball: Major League ...
157,2015-04-01T15:19:08.000Z,auSnpXLhi40,WHITEY - SOMEBODY GRAB THE WHEEL,
158,2014-05-28T23:03:00.000Z,1ZYFovQ3vRY,Metagain :: Fast Fall Ledge Grab,"Hey, Here's the first technique, Fast Fall Ledge Grab. **TLDW** Aside from making you grab ledge faster, it also let's you grab the ledge while you are in hit stun ..."
159,2007-12-04T08:01:59.000Z,ml9ZB98EfzY,Ric Ocasek - Something To grab For,"From Ric Ocasek's solo debut Beatitude, sadly this song and video have long since been forgotten over the years."
160,2012-09-13T05:40:42.000Z,2ui85HwTX1s,Hat Grab,
161,2018-01-08T10:07:35.000Z,CxB9XgR84N8,[SOLD] Lil Baby x Lil Durk x Offset Type Beat - Grab The Pack [Prod. Woodpecker],https://traktrain.com/woodpecker For this beat email : llll035@hotmail.com Lease this beat for : 50$ Exclusive : 350$ Instagram : @ProdWoodpecker For other ...
162,2018-04-25T21:15:02.000Z,PbHJkBYjlh0,Melania Trump's Awkward As HELL Hand Grab With Donald,Melania Trump continues to refuse to hold husband's hand lovingly. Grace Baldridge and Amir Nikoui talk about how her continuous denial of basic affection for ...
163,2018-03-11T15:17:52.000Z,79j8fRSHp7w,JOWST & Aleksander Walmann - Grab The Moment - Symphony & Drumline Remix,The National Final in the Norwegian Eurovision final Melodi Grand Prix 2018. With a new edit of the 2017 winner song Grab The Moment. Along with Didrik ...
164,2018-06-27T09:30:16.000Z,cjKrKjgpafo,The EXCEL Day | Great Grand Offer | Grab Now,Best Opportunity to Buy Excel Course at just Rs 1000 only for today (Course Price Rs 3990) Product Link: ...
165,2016-10-08T05:30:03.000Z,su-Rt4QJZ08,"Trump Hot Mic LEAKED: ""Grab 'Em By The Pu$$y""","In newly released audio from 2005, Donald Trump was caught on a hot mic while waiting to appear on Access Hollywood. He brags about groping women and ..."
166,2014-11-22T15:29:03.000Z,nAKm0RR0HCA,Grab The Comb - Beyond Scared Straight,"A kid named Kenneth refuses to comb an inmate's chest hair... and then the fun follows. Two of my favourite quotes: 'I'd stick my foot so far up your ass, you'd be ..."
167,2017-06-12T06:22:16.000Z,SUDD9lFro-c,Superpowers at Grab,"Everyone wants a superpower. Some of us get to have one. At Grab, we have the power to improve millions of lives across Southeast Asia! Get the power."
168,2012-08-20T02:10:35.000Z,6dHWb5T4ER8,How to Get Out of a Throat Grab | Jiu Jitsu,Watch more Brazilian Jiu Jitsu videos: http://www.howcast.com/videos/503539-How-to-Get-Out-of-a-Throat-Grab-Jiu-Jitsu So the guy grabs me by the throat here ...
169,2018-03-16T16:21:01.000Z,RUqX3E7MZcw,"NHS' ""Please Don't Grab My Boob!"" Video","Let the good times roll! This whole crew of female skaters put together an amazing edit. So rad. Featuring Lizzie Armanto, Nora Vasconcellos, Lacey Baker, ..."
170,2017-01-20T13:23:57.000Z,CYhRRgrVufA,Mall Grab - Pool Party Music - Hot Haus Recs,Mall Grab - Pool Party Music SUPER LIMITED UPFRONT COPIES NOW SHIPPING: https://unknowntotheunknown.bandcamp.com/album/pool-party-ep Mall ...
171,2012-03-31T11:14:56.000Z,eYveEdhTgBs,Grab Magic: My hack for The Boat That Hacked #mipboathack,The best designed experiences make technology invisible and give people superpowers (what I call The Superman Effect). This is what I just made over the ...
172,2015-06-22T09:56:44.000Z,SU8o5C2N0Ro,Grab N Drive,"The Grab N Drive is the latest concept in post driving. Designed by Exac-One and manufactured in the UK, this modular system allows an excavator operator to ..."
173,2016-02-12T13:00:00.000Z,8oCjf2M_uAY,Rayven Justice - Grab a 8th (Audio),Music video by Rayven Justice performing Grab a 8th (Audio). 2016 http://vevo.ly/gnGa2F.
174,2013-04-12T11:07:23.000Z,LpHpm_b0vRY,Screen Grab - Simon's Cat | SHORTS,"""Stop, play, paws and rewind."" Don't forget to SUBSCRIBE! http://www.youtube.com/subscription_center?add_user=simonscat The Kitten Chaos US Edition and ..."
175,2017-10-16T14:53:49.000Z,UBMG5Xas-N8,Mall Grab - Liverpool Street In The Rain,Taken from Mall Grab's Cover Mix for Mixmag. Follow Mall Grab: https://soundcloud.com/mallgrab No copyright infringement intended. Please contact me at ...
176,2010-04-17T18:20:34.000Z,sCTukXFOY_w,Grab It! (1999) for electric guitar and boombox by Jacob TV,"Written by Jacob TV - http://www.jacobtv.net and performed by Kevin Gallagher - http://www.guitar69.com Originally composed for saxophone and boombox, this ..."
177,2013-04-12T11:07:23.000Z,LpHpm_b0vRY,Screen Grab - Simon's Cat | SHORTS,"""Stop, play, paws and rewind."" Don't forget to SUBSCRIBE! http://www.youtube.com/subscription_center?add_user=simonscat The Kitten Chaos US Edition and ..."
178,2017-10-16T14:53:49.000Z,UBMG5Xas-N8,Mall Grab - Liverpool Street In The Rain,Taken from Mall Grab's Cover Mix for Mixmag. Follow Mall Grab: https://soundcloud.com/mallgrab No copyright infringement intended. Please contact me at ...
179,2010-04-17T18:20:34.000Z,sCTukXFOY_w,Grab It! (1999) for electric guitar and boombox by Jacob TV,"Written by Jacob TV - http://www.jacobtv.net and performed by Kevin Gallagher - http://www.guitar69.com Originally composed for saxophone and boombox, this ..."
180,2015-07-30T13:30:34.000Z,8wRB7ASnha8,Grab Bag is the Reusable Shopping Bag that Clips to Your Cart,Get it here on BulbHead: http://bit.ly/1LSkSyH Hold as many as four plastic grocery bags in one Grab Bag! The reusable grocery bag clips to cart for easy ...
181,2018-06-26T00:56:58.000Z,CF_qS8MwVF8,"Keto Grocery Mukbang - Grab & Go Foods, and One Intense Week","Sometimes life gets intense and convenient keto can be hard, so today I figured I'd show some of my go to grab and go foods that can keep you rolling through ..."
182,2016-01-27T21:59:46.000Z,lrcuIGypxDg,"KFC ""Grab a Bucket of Chicken""","Circa 1972 - ‚ÄúGrab a Bucket of Chicken, Have a Barrel of Fun‚Äù KFC ad campaign. I DO NOT OWN THIS. Editorial Purposes."
183,2015-10-19T02:26:33.000Z,8v7Agx74gsU,Mall Grab - I've Always Liked Grime,https://www.facebook.com/stillmallgrab https://soundcloud.com/mallgrab https://twitter.com/stillmallgrab https://www.youtube.com/user/madkezza2.
184,2017-03-12T01:02:16.000Z,IPp37uz8vUs,JOWST - Grab The Moment (Norway) Eurovision 2017 - Official Video,Add or download the song to your own playlist: https://ESC2017.lnk.to/Eurovision2017YD Download the karaoke version here: http://apple.co/2pGkdx5 Buy it on ...
185,2007-12-10T22:38:21.000Z,HCXA9miu1DA,Buckethead- Binge And Grab,"Binge And Grab, by Buckethead."
186,2012-04-11T18:54:03.000Z,p5NGq7ugM1c,Elder care bathroom safety - where to install grab bars,Helpful tips to safely enter and exit the bathtub using grab bars and a bath bench.
187,2013-04-18T14:42:21.000Z,PyCSZzdLBhQ,The Croods [Soundtrack] - 03 - Smash And Grab,The Croods [Soundtrack] Music By Alan Silvestri.
188,2017-01-20T19:33:45.000Z,MvEg0cA4Stc,MALL GRAB & KGW in The Lab LDN,Mixmag & Coors Light present The Lab LDN The sound of the Shall Not Fade label More on Shall Not Fade: https://www.facebook.com/shallnotfade/ Follow ...
189,2018-03-24T10:20:17.000Z,SY334Uk5wq4,GRAB GACOR VERSI TERBARU,Gacor dan tampilan ori nahan PF semua model ori wlupun disitu terlihat seperti ori saat lolosin orderan tapi tetap nahan PF Kalau sampai 1000 saya share ...
190,2016-11-15T15:59:00.000Z,mX6BzygEQZI,Kllo - Walls To Build (Mall Grab Remix),Download in The Ghostly Store: http://www.theghostlystore.com/collections/music/products/walls-to-build-remix.
191,2017-02-03T11:21:54.000Z,u_bk-Ur2qQA,Mall Grab - Catching Feelings (Official Video) - Hot Haus Recs,Catching Feelings - A film by James Robinson featuring Mercy Sang Mall Grab returns to Hot Haus dropping 3 of his most sought after jams to date. Currently ...
192,2012-02-19T03:46:34.000Z,bEDb0CPdjpA,NANCY SINATRA - How Does That Grab You ?  1966,"Nancy Sinatra get success with her second album ""How Does That Grab you?''. This is the classic video for this great song. This is an American Top 10 Hit # 7 ..."
193,2011-05-27T01:50:26.000Z,cy-OKLuMikk,Lethal Weapon 3 (1/5) Movie CLIP - Grab the Cat (1992) HD,Lethal Weapon 3 movie clips: http://j.mp/1JbV1C3 BUY THE MOVIE: http://bit.ly/2cyY1RX Don't miss the HOTTEST NEW TRAILERS: http://bit.ly/1u2y6pr CLIP ...
194,2011-01-11T00:40:28.000Z,wgwJyfMmSjU,Grab - a film by Billy Luther - Trailer,Premiering at the 2011 Sundance Film Festival.
195,2016-03-16T10:11:10.000Z,tjuNryGreuk,Grab Express - same day delivery in Manila,"I test out Grab Express, a same day pickup and delivery service from Grab Philippines. This video was not sponsored, reviewed or approved by Grab. In the ..."
196,2011-07-08T11:18:42.000Z,Wys_JmrK5e4,Jerry Remy - oops grab of breast,Red Sox baseball commentators Don Orsillo and Jerry Remy can't seem to keep it together when their crew captures a fan tweaking his lady on camera.
197,2010-05-10T19:44:06.000Z,8pDVGuXkHwA,Hundreds - Grab The Sunset,Songname: Grab The Sunset Interpret: Hundreds Album: Hundreds http://www.hundredsmusic.com/
198,2009-10-30T19:17:43.000Z,7zkoLgi0pR4,"""Grab A Mop""","You should be with us in 2012, join now: http://my.barackobama.com/grabamopvid President Barack Obama - October 20, 2009 - Organizing for America Event ..."
199,2018-03-04T14:03:57.000Z,WPBTmtlLJtU,Operation : Snatch & Grab [7th Annual Saxxy Awards] - [Action Nominee],"Thank you for voting this entry! We got a nominee atleast. ------------------------------------------------------------------------------------------------- ""The assignment was clear."
200,2018-06-21T14:41:37.000Z,J_Cf6sDZ7rM,Ass grab,
201,2014-07-28T13:24:12.000Z,ufTSoXbW1Pw,Installing Safety Grab Handles on Ceramic Tile  Tool Tip #25,In this video I mount some safety grab bars on ceramic tile and I show you how to mount them very securely without mounting them into the studs.
202,2015-03-04T13:57:03.000Z,M5NTCfdObfs,HOW TO MUTE GRAB,If you like to learn this way check out much more tutorials over at https://www.stompittutorials.com This video will teach you how to stomp your first mute grabs ...
203,2013-02-13T01:32:44.000Z,2Gr_SZ1AaGE,Dinosaur Jr - Grab It,A super tasty jam. Dinosaur Jr - Grab It.
204,2011-03-13T23:18:39.000Z,i6BKhvhSehc,"Cover Tune Grab Bag - ""Ob-La-Di, Ob-La-Da""","The Rock & Worship Roadshow 2011 presents ""Ob-La-Di, Ob-La-Da"" featuring MercyMe, Jars Of Clay, Matt Maher, Thousand Foot Krutch, The Afters & Lecrae."
205,2015-06-25T01:49:11.000Z,vKpXa4elASM,Install a grab bar with the Ghostud‚Ñ¢ - the only wall anchor that acts like a stud!,"Whether facing a physical disability or meeting ADA compliance, grab bars are becoming a necessity. The Ghostud‚Ñ¢ can help you securely mount the grab bay ..."
206,2015-05-07T09:21:00.000Z,CA5bURVJ5zk,10 Snowboard Grabs - Snowboarding Trick List,KEVIN'S TOP GEAR PICKS SNOWBOARD: http://bit.ly/2mlOZcJ GOGGLES: http://bit.ly/2kvQzLu HELMET: http://bit.ly/2kml7vT JACKET: http://bit.ly/2km8GQy ...
207,2018-05-20T21:30:00.000Z,1PeUBgttSlE,It's a Grab Trailer,iOS https://itunes.apple.com/us/app/id1358352535 Android https://play.google.com/store/apps/details?id=cc.navel.itsagrab Fall and grab your way down a ...
208,2011-04-01T14:11:23.000Z,n5LOismc-NM,Balloon Grab,Carson lost his balloon on the ceiling. He got out a small chair reached and couldn't get it. Then got out a bigger chair reached and still couldn't get it. He then ...
209,2010-03-09T14:19:23.000Z,oN1TnQtRUfw,LLumar Window Film Smash & Grab Lab Test,Watch LLumar safety and security film put to the test against an automobile smash and grab attempt. Learn how LLumar film can significantly help to deter ...
210,2008-03-08T19:03:23.000Z,Da-nH4-C1nQ,Young Buckethead - Deli Creeps - Binge and Grab (1991),Live at The Kennel Club on 4/3/91 Directed and produced by Jas Obrecht; used by copyright holder's permission. ORDER both AMAZING DVDs showing ...
211,2018-01-28T20:13:47.000Z,qrk35HPs09k,GOLDEN VAULT UPGRADE!! | ROBLOX CASH GRAB SIMULATOR,"ROBLOX Cash Grab is one of the newest and best Roblox simulator games yet!! In this game, you are a game developer in a town and have to run from noob to ..."
212,2011-05-06T19:56:50.000Z,EPo5wWmKEaI,"Pitbull - Give Me Everything ft. Ne-Yo, Afrojack, Nayer","Pitbull's official music video for 'Give Me Everything' ft. Ne-Yo, Afrojack and Nayer. Click to listen to Pitbull on Spotify: http://smarturl.it/PBSpot?IQid=PGME As ..."
213,2011-05-06T19:56:50.000Z,EPo5wWmKEaI,"Pitbull - Give Me Everything ft. Ne-Yo, Afrojack, Nayer","Pitbull's official music video for 'Give Me Everything' ft. Ne-Yo, Afrojack and Nayer. Click to listen to Pitbull on Spotify: http://smarturl.it/PBSpot?IQid=PGME As ..."
214,2018-06-27T20:30:00.000Z,BJ3eMb97zh0,GEM GRAB COM TOP BR (PitBullFera) NO BRAWL STARS !!!,SE INSCREVA NO CANAL !!! Canal PitBullFera : https://www.youtube.com/channel/UCZgHVTKMmUBoMQRPiEbToYw.
215,2015-11-06T22:15:17.000Z,hjbl-2yq8zw,Grab Bag Commercial - As Seen On TV,Learn More: https://www.grabbag.com/?mid=7306094 Never deal with flimsy plastic grocery bags again with Grab Bag! Earth-friendly Grab Bag is designed to ...
216,2018-04-23T06:10:37.000Z,jZe7Ms15tVg,"DEMO OJOL 234 , MERINDING GOJEK & GRAB NYANYIKAN LAGU INDONESIA RAYA",MERINDING... GOJEK DAN GRAB NYANYIKAN LAGU INDONESIA RAYA DI DEMO KENAIKAN TARIF 23 APRIL 2018 ( 2.3.4 ) Perkiraan TARIF baru Ojek ...
217,2009-07-03T16:16:22.000Z,6RqAduJr9Xs,The Mac Grab Utility (MacMost Now 261),"http://macmost.com/e-261 In addition to screen capture keyboard shortcuts built into Mac OS X, you can also use the Grab utility to capture the screen."
218,2009-04-15T01:03:35.000Z,zHxcWvO-WTo,Buckethead - Binge and Grab - Giant Robot,"Song Title: Binge and Grab, Album: Giant Robot (1994), Artist: Buckethead."
219,2015-01-20T07:17:57.000Z,weDdP1hwhfc,Dramatic footage shows smash-and-grab in Johannesburg traffic,Footage loaded to YouTube by user Craig Jennings shows dramatic footage of a Johannesburg motorist falling victim to a smash-and-grab robbery along ...
220,2017-11-14T13:28:14.000Z,SMhfE9__M08,Mall Grab - Ahmad (Original),Digital: https://avarecords.bandcamp.com/album/ill-be-in-paris-on-sunday-if-youre-about Vinyl: ...
221,2016-07-03T07:10:56.000Z,uZxNGQ7t0BU,Grab adhesive - grab and strength test,A few months back I recreated a video that I watched on YouTube called ‚Äúthe maximum torque challenge‚Äù. I was not convinced by the manufacturer's integrity ...
222,2014-08-25T14:29:53.000Z,jOOdJZS987Y,Unity3D - Grab and Drop Objects (Unity 4),"Pick up objects that will hover in front of you, and then drop them. Uses vectors, normal vectors, functions, and rigidbodies. This introductory video assumes you ..."
223,2016-09-08T14:57:40.000Z,m9P5P-NyY18,banvox  - High And Grab (Official Full Stream),banvox ‚ÄúHigh And Grab‚Äú 2016.09.09 release 01. High And Grab Spotify : http://open.spotify.com/album/3kI3f9FKW3Vh8un4Gjuxvx iTunes ...
224,2017-01-16T14:54:42.000Z,KPJBFpl2bPI,[Basics] Grab attach mechanics,VRTK provides a number of different mechanics for grabbing an object. Each grab mechanic has it's own pros and cons so it's worth learning when to use the ...
225,2016-11-09T21:43:30.000Z,sAg2gfx93Ro,"... and THIS is mifold, the Grab-and-Go Booster","This is a regular car booster seat ... ... and THIS is mifold, the Grab-and-Go Booster seat. It's more than 10x smaller than a regular booster seat and just as safe."
226,2014-05-16T21:44:49.000Z,RnsKoxbMbD4,Grab a Ten,"Learn to count the tricky teens with this catchy math song! To find more songs, games, and stories, check out Brainzy games: http://www.brainzy.com Brainzy ..."
227,2009-05-04T00:43:19.000Z,fXoPOmXE8k4,Graveyard Productions - Grab My Mask (1994),Graveyard Productions - Grab My Mask (1994) The Havoc High Quality: http://www.youtube.com/watch?v=fXoPOmXE8k4&fmt=18.
228,2011-08-11T13:14:45.000Z,oWKdonc9iDw,Industrial Stormwater: How to Collect a Grab Sample,"The Minnesota Pollution Control Agency's Industrial Stormwater Multi-Sector General Permit requires all Permittees to conduct Benchmark Monitoring, starting ..."
229,2015-08-24T00:06:54.000Z,thq-4q4j_VE,The Heroine Sheiks - Grab The Wheel,Siamese Pipe (2002) Rubric Records.
230,2018-04-06T16:30:00.000Z,Ooq0GG7OJwY,The Gun Grab Begins in Deerfield Illinois and Vermont,"We are 100% viewer funded - Make a one time donation: https://www.makersupport.com/VincentJames/tip Or Become a patron on Patreon for hidden videos, ..."
231,2017-04-12T02:12:42.000Z,Wockoc205ug,"NEW GTA 5 ONLINE TRON UPDATE ""LAND GRAB"" ADVERSARY MODE!!  (GTA 5 Online)","GTA 5 Online Tron update Land Grab adversary mode with Typical Gamer! ‚ñª Subscribe for more daily, top notch videos! ‚ñª http://bit.ly/SubToTG ‚ñª Watch the ..."
232,2014-12-06T18:08:26.000Z,GUqnUdnKLKU,"Hero of ""The Clutch & Grab Era"" - Peter Forsberg top 20 plays","The time between the lockouts 1994 - 2004 was named the clutch and grab era, the era of ""the trap"". It¬¥s dominator was Peter Forsberg, ""The force"", ""Foppa"", ..."
233,2017-12-03T11:38:01.000Z,M2Ys2T3mqTU,Mall Grab - Essential Mix 2/12/2017,Jordon Alexander aka Mall Grab's debut Essential Mix on BBC Radio One. Boogie on :)
234,2012-08-17T04:06:02.000Z,6bExlWzkIHU,How to Get Out of Two-Handed Wrist Grab | Jiu Jitsu,Watch more Brazilian Jiu Jitsu videos: http://www.howcast.com/videos/503532-How-to-Get-Out-of-TwoHanded-Wrist-Grab-Jiu-Jitsu Guy grabs me by both my ...
235,2016-02-18T10:19:54.000Z,xuXTaW-POJQ,Duo Iten-Grab - Schubidubidu,Schubidubidu vom Duo Iten-Grab F√ºr weitere Infos oder downloads abonnieren Sie uns doch oder besuchen Sie: www.gruezishop.ch www.gruezimusic.ch ...
236,2016-06-02T15:02:05.000Z,LZcsZqO1sx4,Mall Grab - I've Always Liked Grime - Unknown To The Unknown,Available now at Bandcamp: https://unknowntotheunknown.bandcamp.com/album/vinyl-repress-menace-ii-society-ep Also available at Beatport: ...
237,2018-01-21T10:05:52.000Z,SroETNZ1niM,How I get unlimited cash‚Ä¶ WORKS! 2018 (Roblox Cash Grab Simulator Hack),HOW TO GET UNLIMITED/INFINITE/FREE CASH IN ROBLOX CASH GRAB SIMULATOR 2018 HOW I GET UNLIMITED/INFINITE/FREE CASH IN ROBLOX ...
238,2015-03-15T11:56:20.000Z,dKYT4EB5MWc,"Exodus - When Life Gets Tough, Grab onto God - Bong Saquing","Have God as your go-to. Hang on to Him, admit your insufficiency and get ready to be amazed; God is at work. http://www.ccf.org.ph/location-time ..."
239,2016-09-23T03:51:40.000Z,Bmv9Cszgwj4,Grab to partner with nuTonomy for driverless car trial,ST VIDEO: AZMI ATHNI.
240,2018-03-02T14:28:21.000Z,1dO52ICUvrc,engcon Detachable Grab GRD-Q,engcon's grab cassette is retrofittable/detachable and developed to fit Q-Safe-D quick couplers on engcon Tiltrotators. The grab cassette is simply hooked in ...
241,2018-06-28T02:02:39.000Z,iwXBETO4co0,hot secretary in brown leather ass grab,shes fine ass hell.
242,2015-05-28T18:38:34.000Z,F9-n7slEctk,mifold - the Grab and Go Booster,"Pre-order your mifold now at http://igg.me/at/mifold mifold - the Grab-and-Go Booster Seat ... mifold is the most advanced, compact and portable child car safety ..."
243,2015-07-28T10:49:43.000Z,ibQyEx3C6ZI,Grab Wagon Hire York by GGrabs | SME Video Marketing,"Grab Wagon Hire York by GGrabs is a family run grab wagon hire (Muckaway) business providing bulk delivery of compost, topsoil and aggregates in York, ..."
244,2016-06-19T23:00:00.000Z,Jq4odFKGRYA,Yaeji - Guap (Mall Grab Cover),"No Copyright Photo - @ameaalz (Instagram), by @yung_introvert (Instagram)"
245,2018-06-27T08:35:16.000Z,tlaoqsTWYUk,UnoTheActivist - Jesus Grab The Wheel,
246,2010-10-28T22:31:15.000Z,Af1fRd1yCSE,Julia Lee & Her Boy Friends / Snatch and Grab It,1947.
247,2015-06-18T19:24:15.000Z,G--1Hx6SH1k,Where to Install Grab Bars,"Need to install a grab bar? Chris Tait, president of HandyPro York, will walk you through the optimal locations for installing grab bars. For more information on ..."
248,2017-11-27T03:45:59.000Z,dQguCYTop8c,AldermachXI Missed Grab Slo-Mo F13 Game,Here I slowed down a grab shown by AldermachXI in Friday the 13th the game. It appears he missed the grab because the Deborah was already past his hand ...
249,2016-08-29T07:44:02.000Z,Q4grqWYceyE,SABL land grab news,Short video published by ACT NOW! to illustrate its latest radio advert.
250,2015-03-15T11:56:20.000Z,dKYT4EB5MWc,"Exodus - When Life Gets Tough, Grab onto God - Bong Saquing","Have God as your go-to. Hang on to Him, admit your insufficiency and get ready to be amazed; God is at work. http://www.ccf.org.ph/location-time ..."
251,2007-10-01T11:11:43.000Z,_kmY8g10kU4,"CHAIN ""Grab a snatch and hold it""",Legendary Australian Blues Band Chain. Taken at the Williamstown RSL 12/3/2006. Matt Taylor - Vocals and Harmonica Phil Manning - Guitar Barry Harvey ...
252,2017-07-15T07:49:13.000Z,gY53rwnuMTI,Grab Text From Image | Hindi,This video will help you grab text from an image. It can be any picture containing text. This is the simplest way to fetch text from a picture. All you need to do is ...
253,2018-04-01T09:31:51.000Z,4JY_FM8YGLo,My Very Best Skarner Grab,
254,2018-03-05T01:52:30.000Z,cBgh8hcgB4g,Grab Handle,Installation of a Grab Handle.
255,2017-07-10T14:43:24.000Z,2Ramax6lcd4,Grab a Booth at the 2017 AVCA Convention!,"The 2016 AVCA Convention in Columbus was our largest yet, with over 2700 coaches and exhibitors in attendance. To reserve your booth and get the best ..."
256,2018-02-09T15:06:00.000Z,Sqj_UxQqfJI,Grab the Sleds for the Adventure of a Lifetime,Gas up the sleds and get ready to go! Wisconsin's top-notch snowmobile trails are open and in great condition. Check our Snow Conditions Report to kick-start ...
257,2011-08-12T01:28:57.000Z,07So_lJQyqw,LEMON GRAB UNACCEPTABLE,its unacceptable All copyrighted things belong to their respectable owners.
258,2012-02-23T05:20:40.000Z,_vG64yleOts,GRAB IT! 2012 (Jacob TV),GRAB IT! for tenor saxophone and boombox was composed November 1999. Grab it! is based on voice samples from life-sentenced prisoners Video: DELIRIUM ...
259,2010-11-20T01:55:44.000Z,GWUWLFylu0I,Tangled - Grab a Friend in Theaters Tomorrow,Become a fan on Facebook and order here: http://on.fb.me/hKyeqw Play the Tangled Double Trouble Game: http://bit.ly/gzzOKb Tangled is now available on ...
260,2010-05-14T16:14:08.000Z,JHi10Tdy8ns,Grab Bar Installation on Tile Wall,Learn how to install a grab bar in your bathroom or any other room of your house. Learn more at http://www.grab-bar.com.
261,2016-05-07T22:03:23.000Z,Luj95FMpe5k,Chris Evans LEFT BOOB GRAB Compilation | Funny Moments,In which Chris does an endearing gesture when he dies of laughter that tumblr has joked about for the last few years Chris Evans Funny Moments 2016 ...
262,2013-12-05T09:40:34.000Z,Qxj_EAd18eo,Nemag clamshell grab Alumina,"Get more information: https://bit.ly/2xcGOJe The new range of enclosed type Nemag clamshell grab, which set new standards in environmentally friendly bulk ..."
263,2016-10-12T13:05:08.000Z,eyLGO103bx4,Grab a Chair - Rahul at Spotify,"Rahul, Growth Designer, grabbed a chair at Spotify in May 2014. Welcome to Stockholm, one of the fastest growing tech scenes in the world."
264,2018-05-29T05:37:24.000Z,M9C61Eg6Lnw,Ryde is Grab's new challenger,"With Uber on its way out of Southeast Asia, a fresh startup called Ryde wants to ensure that Grab won't be the only game in town. ================= Let's ..."
265,2015-12-14T16:47:56.000Z,62NNwZtbtIA,Collar Grab For Safety - Dog Training,"It is very important for your puppy to feel comfortable with being caught or grabbed when loose. At some point in your puppy's life, he might be loose and ..."
266,2007-01-24T16:43:07.000Z,taRPwYe1EYA,Grab Your Garmin,Garmin music video featuring Steve Grimmett.
267,2018-03-30T23:40:50.000Z,0U-XZYJBtgo,Aidan Falk's Big Grab to Save No Hitter vs. Purdue,Michigan's Aidan Falk makes the over-the-shoulder grab on the right field track to save the No Hitter for Beaubien.
268,2016-09-06T16:17:08.000Z,pzER08n5L9A,Pelvis - Dance Freak (Mall Grab's Workers Union Remix),PELVREC001 out now on Pelvis Records. BUY: https://pelvisrecords.bandcamp.com https://soundcloud.com/pelvispelvis.
269,2009-10-04T14:47:40.000Z,voQ0xTYvWS4,MyBestEllenCollection Touch or Grab,see all kind of things Ellen can touch or grab. Please enjoy.
270,2013-12-03T06:32:33.000Z,DvWIX0cJuQw,Surprise grab,"Great grab, poor flash -- Lowly bronze players surprising themselves www.twitch.tv/malkatraz/"
271,2013-01-29T23:15:02.000Z,kHVLi8LA_0Q,Michael Grab (Gravity Glue) - Stone Balance Demonstration.mp4,"Michael Grab's Point of View. Demonstrating stone balance with a gopro camcorder. Counterbalance / Point Balance Created: 26 JAN 2013 (""World Rock ..."
272,2017-04-19T21:37:09.000Z,2QD09PmOqUs,LET THE BASS GRAB YOUR FACE (HOUSE MIX),http://www.soundcloud.com/zacharyblackery ITS A SCORCHER!!! STAY HYDRATED!!! KEEP DANCIN!!! Iont own none of this music n shit so don't sue me ...
273,2016-09-08T15:34:42.000Z,ZBZmr3rs3v8,IPhone Grab,Hungry Skua grabs an iPhone...and yes it drew blood.
274,2010-05-14T16:36:17.000Z,CpTrhgq6kMQ,Vertical Grab Bar Installation,Learn how to install a grab bar in your bathroom or any other room of your house. Learn more at http://www.grab-bar.com.
275,2016-10-14T15:26:01.000Z,yumP-9FmNhE,"Donald Trump RAP SONG - ""Grab Them By The Pussy"" - (Brandon Carter) Access Hollywood Hot Mic Parody","""They Let You Do It"" - Donald Trump RAP SONG (Brandon Carter) Download http://bit.ly/2eaICcH Click here to attend THE RENEGADE SUMMIT ..."
276,2017-10-30T16:51:09.000Z,hq2yNYXwtxo,"Lake Kingdom #25 Jump, Grab and Climb Some More | Super Mario Odyssey","Lake Kingdom #25 Jump, Grab and Climb Some More | Super Mario Odyssey."
277,2016-10-03T03:12:12.000Z,TeCQatNcF20,Glitchy Descriptor Firmware Grab - scanlime:015,"To understand a program, it helps to see it first. This episode is all glitching and USB, turning a chip's environment against it to slurp out hidden code. Get the ..."
278,2014-05-15T12:09:51.000Z,Wv0nBT8lh7A,Stefani Five-O - How to: Indy Grab - Fruit Shoot Skills,"Stefani Five-O shows you how to do the Indy Grab, a truly classic skateboarding trick to master. Subscribe: http://www.youtube.com/user/fruitshoot Visit our ..."
279,2018-02-22T12:47:53.000Z,Dx-ub6O6Jt8,RDX - Grab (Lyric Video) Feb. 2018,Grab performed by RDX. Produced by Blaqk Sheep Music. (C) 2018. RDX - Grab (Lyric Video) Feb. 2018 RDX - Grab (Lyric Video) Feb. 2018 RDX - Grab (Lyric ...
280,2017-01-30T07:36:16.000Z,e0KhOV0TIFs,"Pac Man, But Only Using Trampoline and Grab",Reuploaded because the 1st one wasn't in 60fps for some reason) Only trampoline and grab/throws allowed. Found this in the comments section of one of ...
281,2008-06-18T15:41:01.000Z,8QwNKF3iE8k,Ikkyo: Aikido Techniques : Ikkyo from a Lapel Grab,"Ikkyo from the lapel grab, or Katetori, is a martial arts technique that allows you to move off the line of attack and control an opponent's head, and is an essential ..."
282,2016-11-17T12:09:27.000Z,D0nltydkI_U,Mall Grab - 2 B Reel - House Crime Records,Available to pre-order now: http://www.juno.co.uk/products/steven-bc-mall-house-crime-vol-2/621987-01/
283,2014-10-03T15:36:27.000Z,VTlnswdlfwE,GoPro Grab & Elbow Drag,DO NOT TRY ANY OF THIS! OG GoPro Grab + Never before done neutral-coasting-right-knee-dragging-right-hand GoPro Grab! Also an appearance by ...
284,2018-05-31T11:39:54.000Z,ZJ_aaUtzWgY,Nick Hill on the grab,
285,2017-01-16T14:27:25.000Z,YkeWIAonku0,[Basics] How to automatically grab objects,"A commonly asked question is how to automatically grab interactable objects either when the scene first loads, when a certain event happens or when the ..."
286,2016-11-27T03:58:07.000Z,KCLD5_NBffc,God to American People: Grab Onto Bernie Sanders with Both Hands!,Intuitive Counselor/Psychic Medium Christine Pavlina channels the Divine's message for the American people. https://www.christinepavlina.com/
287,2015-11-10T19:26:33.000Z,G_KsII-FNNY,Mall Grab - Happiness,Mall Grab kicks off the first vinyl release from the newly formed label Shall Not Fade. We are proud to present our premiere of Happiness over some raw footage ...
288,2015-06-25T13:33:44.000Z,PFpqgUXkslk,Hundreds - Grab The Sunset,"Hundreds - Grab The Sunset (Tame The Noise Version) recorded at Studio Nord, Bremen Buy ""Tame The Noise"" digitally here: http://smarturl.it/ttn-it ""Grab The ..."
289,2015-06-25T13:33:44.000Z,PFpqgUXkslk,Hundreds - Grab The Sunset,"Hundreds - Grab The Sunset (Tame The Noise Version) recorded at Studio Nord, Bremen Buy ""Tame The Noise"" digitally here: http://smarturl.it/ttn-it ""Grab The ..."
290,2013-02-12T07:37:02.000Z,M-W7Pmo-YMY,How to Nose Grab Snowboard - Snowboarding Tricks,KEVIN'S TOP GEAR PICKS SNOWBOARD: http://bit.ly/2mlOZcJ GOGGLES: http://bit.ly/2kvQzLu HELMET: http://bit.ly/2kml7vT JACKET: http://bit.ly/2km8GQy ...
291,2010-03-13T17:07:37.000Z,Z2jT3VdT4xU,Masta Killa - Grab The Microphone,"Album: No Said Date Year: 2004 Track: 2 Track Produced By: Brock Samples: ''Big Mac'' by Curtis Mayfield Lyrics: [Masta Killa] Yeah, it's like salutation, greeting ..."
292,2015-11-08T11:25:54.000Z,V2ES_EffWbg,Mall Grab - Purity (Ft. Yaeji),"From: ""MG Sides"" (Mall Grab, 2015). More info: http://www.discogs.com/Mall-Grab-MG-Sides/release/7218651 https://soundcloud.com/mallgrab ..."
293,2018-06-25T06:36:36.000Z,oP8vHL8epcA,"CANCELLATION FEES NG GRAB, NAKABINBIN PA",The latest news from one of the most trusted news networks in the Philippines.
294,2017-08-31T16:56:00.000Z,8Ctnf5Y-d2k,Surorile Grab NU E-NCERCARE PREA MARE,Album : UN DOR DE VE»òNICIE √énregistrare ≈üi mixaj : DANIEL CARCEA De suferin≈£a ≈£i-e mare Nu ≈ütii-ncotro s-o apuci Adu-≈£i aminte cƒÉ mare E cel ce din lut te-a ...
295,2016-03-22T19:55:02.000Z,GJIhUFjEzmI,Mall Grab - Father,Buy : https://www.discogs.com/Mall-Grab-Steel-City-Dance-Discs-Volume1/release/8754572 https://www.facebook.com/grooveselection1/
