,published_at,video_id,title,description,relevance,threat
0,2018-04-22T09:38:43.000Z,D4QxqZ9pOSc,22apr2018 grabcar driver of SLT5391R quarrel with grab passenger,grab driver of SLT5391R quarrel with grab passenger the grab driver of slt5391r was upset with the lady rider for booking a 2nd grab car after waiting for 5 mins.,1,LOW
1,2017-10-29T08:18:01.000Z,pO3ZFntIz4Y,Is it worth as Uber/Grab driver in Malaysia? Honest thoughts tips and tricks,"I'm a part-time Uber and Grab driver. Yup, I drive for both. Here's my opinions if you can actually earn money from this platform and some advises I can give.",1,LOW
2,2018-05-18T06:00:57.000Z,JlxgrLH6hu4,The Future of Grab - Your Everyday App,"Read more here: https://grb.to/myfutureyt Soon, you can wake up, book a GrabCar to get to work, pay for your favourite nasi lemak during lunch, deliver gifts to ...",1,LOW
3,2018-04-26T03:42:48.000Z,l2a8QccHZm4,Headstart: 'Choosy' drivers to bear brunt of destination-masking: Grab,Subscribe to the ABS-CBN News channel! - http://bit.ly/TheABSCBNNews Visit our website at http://news.abs-cbn.com Facebook: ...,1,LOW
4,2018-03-26T23:23:18.000Z,PF7XQju1yRo,Uber Agrees to Sell Southeast Asian Operations to Rival Grab,"Mar.26 -- Bloomberg's Eric Newcomer discusses Uber's agreement to sell its Southeast Asian operations to Grab on ""Bloomberg Technology.""",1,LOW
5,2017-11-11T07:28:09.000Z,_xzFv3F32NE,Grab Premium Kuala Lumpur to Port Dickson in BMW RM210,"While planning my recent reviews trip, I started researching the best way to get to Port Dickson and was instantly shocked at the rates the car and driver services ...",1,LOW
6,2018-06-24T21:48:40.000Z,j6vq3sW8oWE,Rated K: Manong Grab Driver with Tourette Syndrome,"Grab driver Marlon Fuentes reveals the challenges of having Tourette syndrome, asserts that his affliction does not affect his performance as a driver, and takes ...",1,LOW
7,2018-05-24T09:44:46.000Z,U7xkQEZjomQ,Taxi driver association wants Grab to be shut down,PETEKMA president Mohd Syahrir Abdul Aziz who met with the Council of Eminent Persons today called for the government to permanently shut down the ...,1,LOW
8,2017-07-13T05:46:59.000Z,M_7QkpAkfUM,how to use Malaysia grab care,how to use Malaysia grab care Getting Started. Book in Just 2 Taps. Key in your pick-up and drop-off locations to get your estimated fare. Get a Driver. Grab will ...,1,LOW
9,2018-06-24T07:41:38.000Z,ie86SlC8H7o,"Grab driver killed, found upside down in car","A Grab driver, believed to have been strangled, was found upside down in the back seat of his Perodua Myvi car at a car park in Taman Selayang Makmur here ...",1,LOW
10,2018-01-22T05:20:45.000Z,_-Xr1yBJr5M,UBER & GRAB Singapore earnings 0530 to 1100 22nd January 2018,Hello my name is Benny! And I'm creating a YouTube channel to guide or show SG uber and grab drivers who are interested to earn money like I do shown in ...,1,LOW
11,2016-10-13T05:48:29.000Z,i0mXCyDxTeY,how to take a grab car in singapore,"If this is your first time taking grab car, click https://invite.grab.co/yori26026 to download the app and get $8 off for your first trip.",1,LOW
12,2018-06-26T10:58:48.000Z,yghw0qdW5-4,Grab launches academy for drivers' skills training,Video and editing by RYAN LEAGOGO/INQUIRER.net.,1,LOW
13,2018-05-24T15:23:57.000Z,3qPOO8o37lI,Petekma wants Grab banned,"Malaysian Taxi, Limousine and Rental Car Drivers and Operators Association (Petekma) has appealed to the new government to ban ride-hailing service Grab ...",1,LOW
14,2016-09-10T06:19:45.000Z,tW-MnJqtVuo,How to use Grab App (FREE GRAB PROMO CODE),"bit.ly/grabforty If you download the app here, this is what will happen. First you get a 40PH Peso discount when you use the app and I too will get a 40PH Peso ...",1,LOW
15,2018-06-27T12:29:22.000Z,BiYEVyEcbII,Grab Driver Murder,"At the Selayang Magistrates Court, three workers of a frozen food shop at the Selayang wet market, were remanded for seven days. This to facilitate police ...",1,LOW
16,2017-11-08T09:52:49.000Z,t-kB00qMBrI,Delivery Boy Job - GRAB Rider - Video Job Description,"To Apply, give a Missed Call on 08039118134. (Please add Zero before the number) OR use the Application Links below: Mumbai: https://goo.gl/UEQQdN ...",1,LOW
17,2016-08-10T06:51:23.000Z,CEC91RUooEU,"Use Grab Bali, Not Taxis | Cheapest Airport Transfer, Better Than Uber, Private Driver","If you're looking for the best and cheapest way to travel in style during your stay on Bali, look no further than your phone and the app Grab. I've been a huge fan ...",1,LOW
18,2018-06-25T02:15:56.000Z,xigOH0mZPbg,Cops Intensify Probe On Grab Driver Murder,"Police are intensifying a probe into the murder of a 27-year-old Grab driver, who was found in his vehicle with strangulation marks on his neck, at a parking lot in ...",1,LOW
19,2018-06-26T12:14:18.000Z,xxyOSbeeJr8,"Grab's passenger wait time solution? Add more cars on the road, says Cu",Video and editing by RYAN LEAGOGO/INQUIRER.net.,1,LOW
20,2018-04-11T21:00:00.000Z,NIMKmOxrmbI,Grab CEO Anthony Tan on pitching to Softbank and a potential IPO | CNBC Conversation,Anthony Tan reflects on the lessons in leadership he has learned and the potential for his company to go public. Subscribe to CNBC Life: http://cnb.cx/2wAkfMv ...,1,LOW
21,2016-06-13T22:58:56.000Z,5Sa20gEeaNo,"Everyone vs. Uber | Jean Liu President, Didi and Anthony Tan CEO, Grab | Code Conference 2016",Didi Chuxing President Jean Liu and Grab Group CEO Anthony Tan talk with The Verge's Walt Mossberg and Recode's Kara Swisher about operating ...,1,LOW
22,2017-06-12T06:22:16.000Z,SUDD9lFro-c,Superpowers at Grab,"Everyone wants a superpower. Some of us get to have one. At Grab, we have the power to improve millions of lives across Southeast Asia! Get the power.",1,LOW
23,2016-03-16T10:11:10.000Z,tjuNryGreuk,Grab Express - same day delivery in Manila,"I test out Grab Express, a same day pickup and delivery service from Grab Philippines. This video was not sponsored, reviewed or approved by Grab. In the ...",1,LOW
24,2016-09-23T03:51:40.000Z,Bmv9Cszgwj4,Grab to partner with nuTonomy for driverless car trial,ST VIDEO: AZMI ATHNI.,1,LOW
25,2018-05-29T05:37:24.000Z,M9C61Eg6Lnw,Ryde is Grab's new challenger,"With Uber on its way out of Southeast Asia, a fresh startup called Ryde wants to ensure that Grab won't be the only game in town. ================= Let's ...",1,LOW
26,2018-03-26T08:03:52.000Z,Fli77-8zp_Q,Competition watchdog not yet notified on Grab-Uber deal,"Neither Grab nor Uber has notified the Philippine Competition Commission over their deal which is supposedly the biggest of its kind in Southeast Asia, the ...",1,LOW
27,2018-06-26T14:17:56.000Z,qw9THV76zv4,"Grab Academy to train 2,000 Grab drivers","Ride-hailing giant Grab implements Grab Academy, a program for drivers who did not receive formal training in driving.",1,LOW
28,2018-02-24T14:30:10.000Z,zfoIZA_gDsY,Tutorial On How To Use The Grab Driver App For iOS,This is a basic tutorial on how to use the Grab Driver app for iOS Apple devices. Thank you so much for watching!,1,LOW
29,2018-04-03T13:36:40.000Z,_IcQkbDyljI,"How to fix your Grab App, Android users only,","Pag di umobra, Grab system na may problem,",1,LOW
30,2017-12-24T04:08:31.000Z,0i0uvwYMOyI,TUTORIAL TOP UP GRAB DRIVE VERSION 5.30.1,SALAM SATU ASPAL Tutorial ini membantu para DRIVER GRAB ataupun GOJEK melakukan topup sampai mendapatkan orderan. karena saya juga sebagai ...,1,LOW
31,2015-09-02T18:48:50.000Z,5b6DQw-9Y7Y,HDSD Grab Driver,This video is about HDSD Grab Driver.,1,LOW
32,2017-07-12T10:59:22.000Z,x5tnol7ZEqM,Review GRAB EXPRESS Metro Manila Delivery within 1 hour,Hi. My name is Praise and welcome to my channel. Here is my review of Grab Express when I utilized this service in my online business . I love to eat and to try ...,1,LOW
33,2018-04-24T16:33:22.000Z,xD3YY8ruWxk,Grab Sanctions Drivers for Excessive Cancellations,Ride-sharing app Grab announced it is sanctioning nearly 500 drivers in the Philippines who cancelled at least 10 percent of their rides over the last week.,1,LOW
34,2018-04-23T12:56:45.000Z,sFZPxOmqIYA,Grab sanctions nearly 500 drivers for excessive ride cancellation,"Grab says it sanctioned nearly 500 drivers last week, following an internal probe into mounting complaints of cancelled ride bookings. Full story: ...",1,LOW
35,2018-03-13T10:57:34.000Z,QEI5HP3YFOc,Grab driver's windscreen vandalised,GEORGE TOWN: A ride-hailing Uber female driver suffered a rude awakening after her windscreen was smashed by a motorcyclist with a rock here on March 8.,1,LOW
36,2017-07-05T11:30:42.000Z,nvfVvTpnte8,"How to install Uber, Grab app on BlackBerry 10 devices?",1. 2. Play services Patcher 3. Google Play Services 8.4.89-cobalt-Build5.,1,LOW
37,2018-05-28T06:12:40.000Z,qn56yW4GC0w,FEMALE GRAB DRIVER QUITS CORPORATE JOB,"FEMALE GRAB DRIVER QUITS CORPORATE JOB Meet Pia, a former BPO employee who quit her safe and secure job to venture into the world of being a Grab ...",1,LOW
38,2018-05-08T16:18:13.000Z,VLuH_TvKO1k,Grab Phillpines to fine rider cancellations,Soon riders will have to pay Grab Philippines for cancelling bookings.,1,LOW
39,2018-05-04T09:02:22.000Z,ORFzv3uiCyU,MANILA BEST GRAB DRIVER!,I've used Grab so many times but i've never come across a driver as lit as this Kuya!,1,LOW
40,2018-05-05T11:30:31.000Z,R3X-xnbsqpA,Uncle driver last day as Uber/Grab driver (Funny),Please share and like our videos. Visit our FB at: https://www.facebook.com/singaporeincidents/,1,LOW
41,2018-04-25T05:36:14.000Z,eBL91PoRfU8,Grab drivers won't see rider destination starting April 27,"To address mounting complaints, Grab Philippines said its drivers will no longer see the destination of their passengers before accepting bookings starting ...",1,LOW
42,2018-04-18T07:35:36.000Z,zkzn3YwLRKs,"HAPPENING NOW: April 18, 2018 | Grab Philippines Holds A Press Briefing",Grab Philippines holds a press briefing. www.cnn.ph. Courtesy CNN Philippines.,1,LOW
43,2018-04-22T01:01:48.000Z,nE5QV8AjzgU,LTFRB ORDERS GRAB PHILS TO EXPLAIN P2 MINUTE TRAVEL CHARGE   Motoring News,"Grab Philippines has been under fire for allegedly charging their customers for the travel duration, which is not included in the December 2016 order regulated ...",1,LOW
44,2018-03-28T14:47:12.000Z,PumWPM6elj4,WD2249A Blasting Horn Road Rage at Platinum Suites KLCC GRAB,GRAB DRIVER BLASTING HORN ROAD RAGE AT KLCC.,1,LOW
45,2018-03-24T14:25:33.000Z,sOUcADYzpQ8,JADI GRAB OJEK ONLINE - MOTOVLOG INDONESIA,Vlog kali ini ngebahas pengalaman gue sebagai grab driver. Hmmm ternyata seru juga! Instagram: @BangYopiMotovlog Helm: KBC Glove: Furygan Jacques ...,1,LOW
46,2018-02-09T02:00:01.000Z,Xs65UnUkrec,TenkiuFaCai with Grab,"Sometimes, the best greeting is the simplest one. No need for pow-der-ful, flowery language. #keepitsimple #tenkiufacai Click http://grb.to/TenKiuFaCai for more ...",1,LOW
47,2018-01-24T10:33:54.000Z,PE4lnlJUBoI,HOW TO SETUP NAVIGATION PROVIDER ON GRAB DRIVER APP,This video will show you how to setup navigation provider like Waze or Google maps on Grab Driver App by using your smartphone.. Its very easy.. Thank you ...,1,LOW
48,2018-01-30T08:07:13.000Z,Ygtdj3bTC5s,GRAB EXPERIENCE (1st Time),Kudos to GRAB! Thank you for your assistance.. My family experienced convenience sa pag commute. The rating I gave is for the Grab driver I booked at that ...,1,LOW
49,2018-01-24T02:32:09.000Z,ydpcVaro4_M,GRAB DRIVER SHARE 02,Sila lihat panduan pemandu yang telah diberikan oleh admin ubergrab melalui whassup. Khas untuk pemandu berdaftar sahaja. Tq Daftar ubergrab online ...,1,LOW
50,2017-12-09T23:16:21.000Z,JJPgDq-2Uz8,CARA REPORT/FEEDBACK RIDER GRAB,Sila lihat panduan pemandu yang telah diberikan oleh admin ubergrab melalui whassup. Khas untuk pemandu berdaftar sahaja. Tq Daftar ubergrab online ...,1,LOW
51,2017-12-13T16:25:04.000Z,JeI9dGpXNYw,GRAB DRIVER MALAYSiA,Malaysia GRAB.,1,LOW
52,2017-12-11T05:01:54.000Z,ABupeY2pFhw,UPDATE TERBARU APPS GRABCAR. WEEKLY STATEMENT,Sila lihat panduan pemandu yang telah diberikan oleh admin ubergrab melalui whassup. Khas untuk pemandu berdaftar sahaja. Tq Daftar ubergrab online ...,1,LOW
53,2017-11-30T10:29:10.000Z,cZxgK-S2_zM,"5 Tips when riding taxi, uber, or Grab after watching this driver",What can you say about the service of this uber taxi driver? Read more here: http://www.thetrendingfacts.com/2017/11/will-you-follow-these-5-safety-tips.html ...,1,LOW
54,2017-11-17T19:25:13.000Z,shmRNzk3nJM,ganti backround jd transparan grab driver,bacground.,1,LOW
55,2017-11-08T22:55:53.000Z,tfsOmApyS8s,GRABCAR WALLET NEW UPDATE (NOV 2017),Sila lihat panduan pemandu yang telah diberikan oleh admin ubergrab melalui whassup. Khas untuk pemandu berdaftar sahaja. Tq Daftar ubergrab online ...,1,LOW
56,2017-11-11T12:31:54.000Z,bqHmjT3u244,"Setting Hp Xiaomi GOJEK,GRAB, UBER tetap stand by",Video ini berisi tentang cara setting hp xiaomi agar aplikasi ojek online tetap berjalan dan stand by saat kita memainkan aplikasi lainnya.,1,LOW
57,2017-11-10T11:18:53.000Z,3joYM0W46OY,A Day in the Life of a Grab Driver,"Driving the online ride-hailing industry one passenger at a time, Grab Driver Azwar Mubarok gives us access to his daily routine.",1,LOW
58,2017-11-03T05:09:12.000Z,Cftlak-YAWs,"Grab More, Get More!","Redeem your Grab rides worth up to RM15! Just Grab more, and you'll earn more GrabRewards points. #RollingInIt #TeamGrabLebih #GrabRewards.",1,LOW
59,2017-09-26T09:59:39.000Z,YIrmGO2aD_M,GrabCar driver leaves passenger in car with engine running and blocks other vehicles,Stomper Shah felt compelled to give a GrabCar driver a 1-star rating after he suddenly parked the car in front of a carpark exit and left Shah there for three to five ...,1,LOW
60,2017-09-17T01:53:08.000Z,L3DZiH4MUPE,UBER / GRAB DRIVER PROBLEMS,"Guy! Uber/Grab driver ka ba? 'Di din ganon kadali no? Samahan niyo ko, alamin natin mga problema at experiences ng ilang mga drivers. Basta tandaan ...",1,LOW
61,2017-09-19T09:25:08.000Z,Br_wwdba1dg,Driver grab stres..,Dibuat dengan Sing! Karaoke di Smule - https://www.smule.com.,1,LOW
62,2017-08-23T17:47:24.000Z,n3sOXauVj8Y,Grab Driver Standby Di Hape Xiaomi Gacor Abis,find me on instagram : https://www.instagram.com/sergiherdianto_.,1,LOW
63,2017-08-24T13:07:25.000Z,BIuU-ApNqZs,UBER and GRAB Banned? ,Yaw q na.,1,LOW
64,2017-08-08T04:31:04.000Z,69Im0ZQ4Mdg,Confessions of a Grab car driver,We love talking to anyone who shows up on Sunday. Thank you for sharing your story buddy.,1,LOW
65,2017-07-02T05:23:47.000Z,W0oLJ3Uc_Lk,Grab driver,Menolong orang yang motornya mogok.,1,LOW
66,2017-06-08T05:28:19.000Z,5WLQDD58DWU,"Grab Now, Celebrating 5 Years of Grab With New Feature","App-based ride-hailing service, Grab, has announced the launching of Grab Now, which will digitize street hailing process during its fifth anniversary celebration.",1,LOW
67,2017-06-20T19:40:33.000Z,VMvyHsah-LM,"TIPS GACOR GOJEK,GRAB,UBER",gps.conf download disini: http://www.mediafire.com/file/4o2ncyc3ikdodco.,1,LOW
68,2017-06-18T02:11:55.000Z,l_rJ6OoMNf8,How to request a trip GRAB apps,Tutorial cara untuk request trip P/s : hanya request bila betul betul nak guna sahaja..fake request akan di ban akaun oleh grab Music by : Ahrix - nova.,1,LOW
69,2017-06-13T01:01:57.000Z,FiiWU0iZ8Mk,Beware uber grab drivers with bad records from other operators philippines,awareness for operators uber grab philippines from facebook groups... this is just a warning for other operators that might see this person and hire them in the ...,1,LOW
70,2017-06-06T14:09:00.000Z,nO-WvKbeFbM,TYPES OF GRABCAR DRIVER,Types Of Grabcar Driver. Ever Met Any Of This Driver Before In Your Life?,1,LOW
71,2017-05-26T12:19:55.000Z,WzhcXNLoWz4,Tee Show On how to make money with grabcar? - Will You Do This To Make Money With GrabCar?,http://i-successgroup.com/ - Tee Show On how to make money with grabcar? - Will You Do This To Make Money With GrabCar? Grab (formerly known as ...,1,LOW
72,2017-05-29T01:46:26.000Z,VhXq20mn4B4,"WHAT ARE TNVS? | TEN RIDER TIPS (UBER,GRAB, ECT.) | THURSDAY FLIGHT (NEWS) | VLOG #09",This vlog is not sponsored*** I'm just a concerned citizen who wanted to make your every ride comfortable and enjoyable (hmm hope this tips help you when ...,1,LOW
73,2017-05-28T13:48:22.000Z,xoX9iBfjDbI,Gps Grab,Kelakuan siapa hayohhh.,1,LOW
74,2017-06-04T17:50:06.000Z,MmT5wVBOhp0,Tutorial on how to book GrabHitch in Kuala Lumpur,GrabHitch is the cheapest option for long destination of traveling if you are patient enough. You can book it a week earlier. Please ensure that you communicate ...,1,LOW
75,2017-06-05T08:41:32.000Z,G2r_I-9FfPM,Grab Turns 5,"As we celebrate our 5th Anniversary, we would like to thank you for the incredible support and for all the awesome stories that have kept us driven. Here's a little ...",1,LOW
76,2017-05-17T03:38:24.000Z,aLc0v3qmQXI,"Grab co-founder, Tan Hooi Ling speaks at the World Economic Forum 2017",Tan Hooi Ling discusses Grab's mission to help better the unemployment rate in the region and the future of transportation.,1,LOW
77,2017-05-12T02:52:47.000Z,K_bersi5kb0,NOW in Myanmar - Grab Launches Beta Trial of Taxi-Hailing Service in Myanmar,NOW in Myanmar - Grab Launches Beta Trial of Taxi-Hailing Service in Myanmar.,1,LOW
78,2017-05-14T10:29:42.000Z,MGfbNB8amtY,Tutorial download/grab premium template 2018,"Jangan lupa subscribe ,like ,comment & share. Request Tutorial bisa comment disini. Link httrack : https://goo.gl/hSHQ2b Link template premium ...",1,LOW
79,2017-05-18T00:07:37.000Z,LaNvehRJRSQ,Grab Driver Interview,Han Chiang College.,1,LOW
80,2017-05-03T09:18:35.000Z,7CjfamglHxs,Grab Driver Appreciation Dinner,"Grab drivers are not only our partners in business --- they are part of the family. We hope you guys had fun in our last Appreciation Dinner, mga Ka-Grab.",1,LOW
81,2017-05-01T11:28:09.000Z,QRcPLiyuSlw,Driver Grab Indonesia,Kopdar Perdana Driver Grab Indonesia.,1,LOW
82,2017-04-13T06:46:57.000Z,T2GMQPEr858,Grab - Drive with Grab,"Get a safe and reliable ride in minutes with Grab (formerly GrabTaxi). With the largest pool of drivers in Southeast Asia, Grab offers the fastest booking service for ...",1,LOW
83,2017-03-31T06:23:58.000Z,QqrUVsiP6HY,"Behind the Scenes with Anthony Tan, Group CEO and co-founder of Grab","WHEELS IN MOTION | Grab's energetic Group CEO and Co-Founder, Anthony Tan, talks business philosophies, driving his company forward in the right ...",1,LOW
84,2017-03-31T18:57:00.000Z,T3U5gx3A7LQ,Grab Driver Story Part 3,Grabcar is one kind of transportation service in this era. I am a Grab driver from Indonesia. So many story i want to share with all of you as grab driver. I will try to ...,1,LOW
85,2017-02-28T20:00:49.000Z,ggHlKS1l99g,Training Grabbike Jambore 9 januari 2017,Training Grabbike.,1,LOW
86,2017-02-09T03:16:20.000Z,CK8PWNj01Jw,Videoke in Grabcar,Nice grabcar has videoke and free candy. Nice driver very friendly.,1,LOW
87,2016-11-24T19:35:24.000Z,z05YEIafSUU,UPM GRAB CAR,Created using PowToon -- Free sign up at http://www.powtoon.com/youtube/ -- Create animated videos and animated presentations for free. PowToon is a free ...,1,LOW
88,2016-11-17T14:29:42.000Z,zpk89QrXt9o,The Grab 100% Ride Guarantee,"Grab is offering a 100% ride guarantee at selected locations in the Klang Valley. In addition, they also announced a new coupon code that gives all passengers ...",1,LOW
89,2016-11-09T03:13:17.000Z,YEZCDBYiY38,Gojek feat grab // just for fun,"Rush hour sore lokasi tb.simatupang,cilandak...",1,LOW
90,2016-09-02T15:01:11.000Z,3HSAPrjb80g,this is grab,grabbike on bali. seems legit.,1,LOW
91,2017-10-30T06:38:53.000Z,PzHZpxFcLnI,"Grab offers P100,000 bounty for killer of model driver","Grab Philippines is offering P100,000 to anyone who can help capture the killers of one of their model drivers Junjie Maquidato. FULL STORY: ...",1,LOW
92,2017-06-29T04:23:17.000Z,dBKkYBqAef8,GrabHitch Driver Video Tutorial,"Hi Hitch Drivers! We're so glad to have you onboard our Hitch Community! To help you get the most out of your social carpooling experience, do watch this ...",1,LOW
93,2016-10-27T05:47:21.000Z,VSo680ytAwU,TEST GRABBIKE,Lima tahapan dalam test buat para calon Bikers Grabbike.,1,LOW
94,2018-07-01T10:24:07.000Z,Nt7BzS7_yOg,Police in the midst of establishing motive behind Grab murder,Selangor police chief Comm Datuk Mazlan Mansor said police are still in the midst of completing the investigation to establish the motive behind the murder of ...,1,LOW
95,2018-06-17T04:00:02.000Z,G3Ds0Zet620,THE FUNNIEST GRAB RIDE EVER | JinHo Bae,Surprise! Here's a new video! Medyo experimental lang to pero gusto niyo din ba ng mga ganitong vlogs? Legit eto yung best grab ride ko ever! Sobrang benta ...,1,LOW
96,2018-06-25T04:47:58.000Z,uwNn7zEM8mg,"Grab driver in Malaysia killed, found upside down in car","KUALA LUMPUR: A Grab driver believed to have been murdered was found upside down in his car on Sunday night (Jun 24). Mr Aiman Nosri, 27, was found ...",1,LOW
97,2018-06-22T05:40:04.000Z,u_2w4077iJs,It's Uber Someone Grab The Opportunity Documentary Film,It's Uber Someone Grab The Opportunity Documentary Film is made by Team Marilag of FEU Institute of Technology. Welcome to Pinoy Rig Enthusiasts!,1,LOW
98,2018-06-17T02:22:12.000Z,w2LvnUq59Ds,Diego Loyzaga airs side on altercation with Grab driver,Please subscribe to my channel: https://www.youtube.com/channel/UCWaSAUWH5egLNXIgLR6VTPA Diego Loyzaga currently faces malicious mischief ...,1,LOW
99,2018-06-21T06:48:27.000Z,tP1QFnb1l6E,Grab vlog #2: Why do Grab?,Grab.,1,LOW
100,2018-06-19T09:45:11.000Z,B8AfEt4iUsY,Police investigating after Grab driver allegedly punched in face over cancellation dispute,Police investigating after Grab driver allegedly punched in face over cancellation dispute.,1,LOW
101,2018-06-19T10:27:11.000Z,KZnN2kzI0_A,Police investigated after driving Grab allegedly punched face to face with disputed disputes,Police investigated after driving Grab allegedly punched face to face with disputed disputes.,1,LOW
102,2018-06-29T06:13:30.000Z,IOQvhpQ25Yo,Vietnamese traffic from a Grab car,Traffic from the perspective of a Grab car on a Hanoian night.,1,LOW
103,2018-06-03T07:39:36.000Z,2ZEquuWdweQ,Kuala Lumpur | Cheapest Airport Transfer is Grab App,"When I travelled to KL for the first time in 2016, it was recommended that I take the airport train to Sentrul and then hop into a taxi to reach the city. Thankfully I ...",1,LOW
104,2018-06-02T05:21:43.000Z,FDVuEdktdco,Grab Bahagia Itu Dekat,THR Menipis? Dapatkan bingkisan Hari Raya dari GrabCar! Pesan GrabCar mulai hari ini hingga 8 Juni 2018 dan temukan keberuntungan bingkisan lebaran ...,1,LOW
105,2018-06-15T16:56:17.000Z,216RkRD5MfU,Toyota Invests $1B In Singapore's Grab,Toyota Motor Corp. recently invested $1 billion in Singapore-based ride-hailing app Grab.,1,LOW
106,2018-06-05T12:00:00.000Z,7fdahUt9KVQ,'We have shown every time we can rise above the challenge': Grab | In The News,"Anthony Tan of Grab says the company is ""battle-tested"" and has proven itself capable of competing against firms which are larger. Subscribe to CNBC Life: ...",1,LOW
107,2018-06-13T13:36:47.000Z,LrcGs1422G4,Toyota investing $1 billion in Grab,The Japanese automaker plans to expand beyond its core business into the 'mobility' sector. Full story: ...,1,LOW
108,2018-06-06T18:43:22.000Z,gq84Zi6G-_o,Ride-Hailing Company Grab Adds Vending Machine Like Service,"Southeast Asia's biggest ride-hailing firm Grab announced its partnership with New York-based company Cargo June 4, to turn its cars into mobile convenience ...",1,LOW
109,2018-06-03T23:37:00.000Z,t4eAMDJSZcw,Rowdy Grab-Driver Lim Puay Meng threatens Rider (White Prius SLQ 3942E),"I boarded SLQ 3942E at approximately 9.25pm with my spouse and child. On seeing the child, the driver informed me that he cannot take us without a baby seat.",1,LOW
110,2018-06-06T11:26:08.000Z,sWgf-YZzrsE,[Marketing Plan] Grab,Tugas Manajemen Pemasaran Fakultas Ekonomi Universitas Pakuan Bogor Kelompok 4 ~ A. Bosar Parulian (021117285) ~ Mohammad Iqbal (021117089) ...,1,LOW
111,2018-06-14T14:50:57.000Z,MJo7FpsnTpE,Toyota grabs a $1B piece of Grab in yet another huge ride hailing bet,"toyota,grab,toyota motor corp,grab handle,toyota vios,toyota tanam saham ke grab,toyota incar grab,[\r\n\t\t\t\t\t\t\tini langkah grab usai dapat kucuran rp 13 triliun ...",1,LOW
112,2018-06-04T03:06:58.000Z,VEm-m4L688w,"Emelia & intan , The Information About grab 045 , 028",this video explains about online transport (grab) and ordering.,1,LOW
113,2018-06-06T22:31:29.000Z,VWioVbhpTao,MyTaxi. PH/ Grab Philippines wins in the 2018 Asia-Pacific Stevie Awards,The 2018 Asia-Pacific Stevie Awards were presented on June 1 in Hong Kong. Learn more at http://Asia.StevieAwards.com.,1,LOW
114,2018-06-04T06:23:37.000Z,GxNhrfPxdKQ,Best Smartphone For Grab Driver Review 2018,Buy the top smartphone for grab driver reviews 2018 Link = http://theshoppingmonster.com/best-smartphone.,1,LOW
115,2018-06-13T14:22:08.000Z,YAOJXN87mXQ,Toyota makes record $1 billion investment in ridehailing firm Grab,Toyota makes record $1 billion investment in ridehailing firm Grab The Japanese company is pumping $1 billion into Si... Like / Share / Comment / Subscribe me ...,1,LOW
116,2018-05-30T04:00:01.000Z,wuT5bao09Ss,GRAB TAXI EXPERIENCE IN THE PHILIPPINES,What a guy!!!! Instagram https://www.instagram.com/bretmaverick_/ Facebook https://www.facebook.com/BretMaverick... Twitter https://twitter.com/BretMaverick_.,1,LOW
117,2018-06-01T12:49:50.000Z,SNJNQRgyKTQ,GRAB PHILIPPINES (NO PETS ALLOWED),My Grab experience with my dog Dollar. Decided to bring my dog to the groomer because he is not looking so good. Also went to visit my Lolo in the cemetery.,1,LOW
118,2018-05-25T13:38:26.000Z,XJWvfb6oBcw,Grab asks LTFRB: Reimpose P2-per-minute charge,Grab Philippines argues that the LTFRB's suspension of the charges is an 'infringement' of the equal protection clause guaranteed by the Philippine Constitution ...,1,LOW
119,2018-05-28T02:34:41.000Z,uAJ8NknWBTU,The man who broke his teeth after driving Grab punches him in the debate about canceling the trip...,The man who broke his teeth after driving Grab punches him in the debate about canceling the trip - Stomp.,1,LOW
120,2018-05-03T16:07:22.000Z,qNPXh_MLczk,"Business Nightly: Grab: 600,000 bookings per day, but only 35,000 drivers","As more and more Filipinos shift to commuting, transport regulators aim to provide other options to customers of ride-hailing services. This, as complaints against ...",1,LOW
121,2018-05-10T12:35:27.000Z,WJXJX6cUFxQ,GOJEK & GRAB GOYANG TIK TOK COMPILATION 2018,GOJEK & GRAB TIK TOK COMPILATION 2018.,1,LOW
122,2018-05-03T12:54:33.000Z,Kw-wKvE7l0g,GRAB PAKE R25,Instagram  merza_motovloghd https://www.instagram.com/merza_motovloghd/ Facebook  merza motovloghd Kalo suka klik jempol keatas :) Untuk ...,1,LOW
123,2018-05-11T00:26:48.000Z,FDOdXS435t0,Grab Driver Pit Stop At PETRONAS,"PETRONAS and Grab offers more benefits to Grab Driver-Partners with the introduction of the Grab Driver Pit Stop, an area for the drivers to rest and refresh ...",1,LOW
124,2018-05-11T00:30:04.000Z,2UBkk8pDoSo,Grab Driver Pitstop At PETRONAS - Highlights,"PETRONAS and Grab offers more benefits to Grab Driver-Partners with the introduction of the Grab Driver Pit Stop, an area for the drivers to rest and refresh ...",1,LOW
125,2018-05-05T13:18:38.000Z,L688sHqXL2A,Go for Grab - GopherConSG 2018,"Speaker: Stephen Kruger An inside look at how Go drives all our critical system development, from overall architecture down to tools and utilities to support our ...",1,LOW
126,2018-05-08T03:44:35.000Z,9LO1h8-ykrE,DZMM TeleRadyo: Indonesia's Go-Jek seeks to challenge Grab in Philippines,"Indonesian ride-sharing firm Go-Jek has signified its intention to enter the Philippines joining other companies seeking to challenge dominant player Grab, ...",1,LOW
127,2018-05-08T16:41:51.000Z,f_iejY-Rqvw,Business Nightly: Grab vows to address complaints,"Ride-hailing app Grab vows to address passenger complaints in the next months, but at least one driver claims, reforms won't be effective with some erring ...",1,LOW
128,2018-05-09T16:08:31.000Z,omDFy4HMiQk,Grab Official Mobile Platform Partner Asian Games 2018,"Perusahaan penyedia jasa transportasi online, Grab Indonesia resmi menjadi official mobile platform partner untuk Asian Games 2018. Grab akan melayani ...",1,LOW
129,2018-05-15T14:45:26.000Z,HrTt_C-2VGY,From Monolith to Microservices at Grab (aka Go for Grab),"An inside look at how Go drives all our critical system development, from overall architecture down to tools and utilities to support our engineering processes.",1,LOW
130,2018-05-05T07:26:18.000Z,ik9gT7VAcvs,Breezy as UBER / GRAB lol ... jk ..,This is just a joke lol .. Just helped the Inside Racing Champ about picking and dropping him off to get his bike haha .. If you guys watched my downhill video .,1,LOW
131,2018-05-06T09:24:57.000Z,7Gr3y_eFSNw,Singapore Road Bully: Guy jumped on Grab driver's car at St James arrested,A man jumped onto the bonnet of a Grab driver's car and then proceeded to climb over his windshield to the top of the car. The incident was unprovoked and has ...,1,LOW
132,2018-05-12T02:30:00.000Z,lkBvPPHFXOs,GRAB EXPERIENCE | VLOG,"Hello everyone! Welcome to Matthew and I's channel! Matthew is my fiance who lives in California and I am Ven, living life in the beautiful country of the ...",1,LOW
133,2018-05-03T02:56:14.000Z,PlaZQ949xtE,Ride-Hailing Firm Grab in Talks to Raise $1 Billion,Ride-Hailing Firm Grab in Talks to Raise $1 Billion By One of Southeast Asia's most valuable startups is making another grab for new money. Ride-hailing ...,1,LOW
134,2018-04-27T10:15:00.000Z,Jlr0eAqFN4U,Grab x Uber,Find out the brand new functions of the latest Grabber app in town. For more breaking news - https://youtu.be/JgPst1E_Tnk Featuring: ...,1,LOW
135,2018-04-22T03:39:28.000Z,8HWh34_1PkE,LTFRB to summon Grab over cancelled rides,"Grab Philippines will be asked to explain why its operations should not be suspended over the cancellation of rides by some drivers, regulators said Sunday.",1,LOW
136,2018-04-30T08:49:17.000Z,LMXPgmZYTNI,Launch of Grab Driver Pit Stop At Petronas Station,Petronas and Grab Malaysia are offering a confortable place for Grab driver partners to get some rest and refresh themselves. The first phase will see 58 Grab ...,1,LOW
137,2018-04-18T13:27:41.000Z,ZgO_y5y9OdE,Grab: Riders not informed of P2-per-minute travel charge,"Grab Philippines head Brian Cu maintains the travel charge is legal, and 'went to the drivers, it was reinvested by way of incentives or promos for passengers' ...",1,LOW
138,2018-04-26T02:19:50.000Z,fPKIRu0tIE0,SMARTFREN GRAB PROJECT,Kali ini Smartfren dan Grab mengadakan kerja sama yang luar biasa banget untuk mendukung kemudahan dan memberikan kelancaran akses komukasi bagi ...,1,LOW
139,2018-04-20T00:39:07.000Z,I_t-lia54jA,"Panayam kay Brian Cu, country head, Grab PHL","Unang Balita is the news segment of GMA Network's daily morning program, Unang Hirit. It's anchored by Rhea Santos and Arnold Clavio, and airs on GMA-7 ...",1,LOW
140,2018-04-20T00:39:07.000Z,I_t-lia54jA,"Panayam kay Brian Cu, country head, Grab PHL","Unang Balita is the news segment of GMA Network's daily morning program, Unang Hirit. It's anchored by Rhea Santos and Arnold Clavio, and airs on GMA-7 ...",1,LOW
141,2018-04-24T23:00:02.000Z,sXmvN8aVW3g,Travel Vietnam - How to use Grab and get a discount (2018),Here is a referral link for new user to get a discount on your first couple of rides : https://r.grab.com/grableonandtash (You need to use this before downloading ...,1,LOW
142,2018-05-02T12:13:58.000Z,lrxY-s-IgZs,"35,000 vehicles cannot accomodate 600K bookings, says Grab",Visit us at http://www.inquirer.net Facebook: http://facebook.com/inquirerdotnet Twitter: http://twitter.com/inquirerdotnet.,1,LOW
143,2018-04-30T07:12:18.000Z,eA_psz0KdH0,"Mahathir: We will abolish Grab, ride-sharing services if opposition takes over government","Mahathir: We will abolish Grab, ride-sharing services if opposition takes over government PETALING JAYA: Tun Dr Mahathir Mohamad has pledged to abolish ...",1,LOW
144,2018-04-17T17:13:15.000Z,LZQ3WgywXFQ,Business Nightly: LTFRB questions Grab's P2/minute extra charge,The Land Transportation Franchising and Regulatory Board was not satisfied with how Grab Philippines answered their queries at a hearing Tuesday morning.,1,LOW
145,2018-04-23T13:50:39.000Z,U2992QAKfPM,"Grab suspends, bans drivers over cancelled trips","Grab suspends, bans drivers over cancelled trips.",1,LOW
146,2018-04-19T16:27:30.000Z,myjWKk1tWY0,Grab Admits to Charging Unannounced Fees,Ride-hailing app Grab told Philippine regulators on April 17 that it did not inform Philippine users of a P2 per minute fee.,1,LOW
147,2018-04-18T14:42:52.000Z,24fMAfYxdJ0,"PT TALKS: BMW M2 Competition finally a real M car? Nissan Serena, 7 or 8 seats? Taxi rules for Grab?",Is the BMW M2 Competition finally a real M car? New Nissan Serena - 7 or 8 seats? And Grab drivers to have same rules as taxis? Hafriz and Matt discuss these ...,1,LOW
148,2018-04-06T13:48:25.000Z,azIPDNbUrKU,The Big Read: Grab Acquires Uber's operations South-east Asia,"Grab has acquired Uber's operations in South-east Asia, including in Cambodia, Indonesia, Malaysia, Myanmar, the Philippines, Singapore, Thailand and ...",1,LOW
149,2018-04-11T04:20:36.000Z,Vt14NqvNyEw,Solon claims Grab owes riders P1.8 billion for 'illegal' charges,Subscribe to the ABS-CBN News channel! - http://bit.ly/TheABSCBNNews Visit our website at http://news.abs-cbn.com Facebook: ...,1,LOW
150,2018-04-11T16:41:02.000Z,Dsn7sGnc3rM,"The World Tonight: Grab under fire over high rates, canceled trips",Mounting complaints against the steep fares of Grab prompt government regulators to order the ride-hailing service to lower its surge prices. Subscribe to the ...,1,LOW
151,2018-04-17T13:53:46.000Z,Y3m-nH3XzM8,Grab defends P2-per minute charge,Grab defends P2-per minute charge.,1,LOW
152,2018-04-05T16:00:09.000Z,57a3pLi8UJ4,Grab's CEO on its deal with Uber in Southeast Asia | In The News,"Co-founder and CEO of Grab, Anthony Tan talks to CNBC about acquiring Uber's Southeast Asia business and what's next for Grab. Subscribe to CNBC Life: ...",1,LOW
153,2018-04-04T04:29:58.000Z,-u0NtbHyxl4,PH Competition Commission begins review of Grab-Uber merger,"The Philippine Competition Commission (PCC) is looking into the merger between Uber and Grab, after expressing concern that it would lead to ""a virtual ...",1,LOW
154,2018-04-17T04:08:13.000Z,nC430oPrn0w,Can You Earn $5000 With Grab And Smove - Real World Case Study,Step 1 Sign Up Smove  http://buyza.com/smove/ Step 2 Sign Up Grab http://buyza.com/grab/ Referral Code: alvin135058428 Step 3: Take PDVL Test ...,1,LOW
155,2018-04-09T06:50:15.000Z,NNNcymTyPgs,"Selangor excos return official cars, Azmin to 'Grab' home",The incumbent Selangor state executive councillors today returned their official cars as part of the ceremony to dissolve the state assembly today. According to a ...,1,LOW
156,2018-04-12T21:00:01.000Z,NsGiwx9X37w,Buying Uber was something I dreamed about: Grab CEO | CNBC Conversation,Why can't a Southeast Asian company build an Alibaba or Tencent? Asks Grab CEO Anthony Tan. Subscribe to CNBC Life: http://cnb.cx/2wAkfMv Subscribe to ...,1,LOW
157,2018-04-11T12:57:00.000Z,N4R-0caE888,LTFRB lowers Grab surge pricing cap amid illegal fare allegation,"Lower Grab fares during peak hours. The Land Transportation Franchising and Regulatory Board (LTFRB) gave this order on Wednesday, April 11, to Grab, ...",1,LOW
158,2018-04-08T16:22:24.000Z,RfPOkp-6hbk,Interviewing UX Engineer from Grab - Sonny Lazuardi,"Hi everyone, welcome back to my youtube channel. Today, I have a good video for you that we are going to interviewing one of UX Engineers from Grab ...",1,LOW
159,2018-04-03T10:13:46.000Z,J0uqTeVn5e0,Why gender equality matters in business? Pita Limjaroenrat Grab Thailand,"Why does #genderequality matter in business? Here's the answer from Pita Limjaroenrat, Executive Director at Grab (Thailand). #IWD2018 Music: ""Reach for ...",1,LOW
160,2018-04-14T01:30:02.000Z,jAdRHryCRsU,[PODCAST] Uber Dibeli Grab! | Tech in Asia Podcast Ep1,"Selamat datang di episode perdana Tech in Asia Podcast! Dalam episode ini, kami akan membicarakan sebuah topik yang tempo hari cukup menggemparkan ...",1,LOW
161,2018-04-04T03:40:17.000Z,4T3gNMO8oZU,#JUSTSAYING: Should we fear a Grab monopoly?,Grab's Southeast Asian grab has got some passengers worried that it could spell overpriced rides. Here's why those fears could be overblown. *The views ...,1,LOW
162,2018-04-11T12:41:18.000Z,nZlFwMwlYLQ,"Aquino on Senate Dengvaxia report, LTFRB on Grab, White House on Mueller | Evening wRap",Watch Rappler's evening newscast with Marguerite de Leon. For more: http://www.rappler.com/video/newscast/200047-thewrap-april-11-2018-evening-edition ...,1,LOW
163,2018-04-04T08:45:14.000Z,y2gFRogHZQM,GRAB - WHAT DRIVES YOU?,Grab wanted to make a sincere film that appealed to drivers and by doing so differentiate themselves from the rest. We had heaps of fun making this film in ...,1,LOW
164,2018-03-26T07:12:37.000Z,AQM32RNc41w,"Inside Grab, Southeast Asia's massive tech company | CNBC Reports","Grab is massively popular in Southeast Asia. CNBC's Uptin Saiidi explores how the app is used in parts of Indonesia, Singapore, Malaysia and Thailand.",1,LOW
165,2018-03-28T07:56:06.000Z,z7m8Odlx0t0,"LTFRB & Grab Philippines Hold A Press Briefing On The Uber-Grab Deal - March 28, 2018",HAPPENING NOW: The LTFRB and Grab Philippines hold a press briefing on the Uber-Grab deal. www.cnn.ph Courtesy CNN Philippines.,1,LOW
166,2018-03-25T14:22:00.000Z,Z3uEk96MaGU,Uber to Sell Southeast Operations to Grab,"On Sunday, ride-hailing firm Uber, has agreed to sell its Southeast Asian business to its larger regional rival, Grab. The deal marks the first big consolidation in ...",1,LOW
167,2018-03-27T17:23:15.000Z,tIvr-nEXUPk,"Business Nightly: PCC, ""Grab-Uber acquisition agreement not yet a done deal""","Fears are mounting over the looming absence of competition in the transport network vehicle service sector, but the Philippine Competition Commission asserts ...",1,LOW
168,2018-03-26T10:46:14.000Z,ExCeVfFRLus,Ride hailing firm Grab buys Uber's SE Asia operations,"Uber sells its Southeast Asian business to rival Grab, ending a bruising battle between the ride-hailing behemoths and marking the US firm's latest retreat from ...",1,LOW
169,2018-03-28T15:18:54.000Z,6wd7PwPmI-g,The World Tonight: Grab starts to accept Uber drivers amid transition,"Grab Philippines acknowledged it could not absorb all drivers from Uber into its system before Uber shuts down its app. Meanwhile, transport officials assure the ...",1,LOW
170,2018-03-23T23:00:01.000Z,F5LJIipjPIU,Honest deed of a GRAB taxi driver | Something Good,"In times when all the news we hear are about conflict and tragedy, it is always good to take a break from all those negativity and watch people demonstrate the ...",1,LOW
171,2018-03-27T04:30:49.000Z,yB_F7PyNQZM,"DZMM TeleRadyo: Competition watchdog says Grab, Uber willing to discuss acquisition deal",Subscribe to the ABS-CBN News channel! - http://bit.ly/TheABSCBNNews Watch DZMM Teleradyo livestream on TFC.TV http://bit.ly/DZMMTeleradyo-TFCTV ...,1,LOW
172,2018-03-25T22:32:52.000Z,dT38rRs9WuI,Uber Will Sell Southeast Asia Business To Grab,The Ride-hailing firm Uber agreed to sell its Southeast Asian business on Sunday to larger regional rival Grab. The move is the U.S. company's second retreat ...,1,LOW
173,2018-03-28T17:01:08.000Z,Nd3RcKLWCsk,Uber Sells SE Asia Operations to Grab,"U.S.-based ride hailing app Uber is selling its operations in southeast Asia to regional rival Grab, in exchange for a 27.5 percent stake in Grab.",1,LOW
174,2018-03-25T23:24:11.000Z,F2PnfJmqMy4,Breaking News - Grab to buy Uber's south-east Asia unit,"Uber is selling its south-east Asia operations to rival GrabUS ride hailing firm Uber is selling its South-East Asian business to regional rival Grab, sources familiar ...",1,LOW
175,2018-03-27T20:30:38.000Z,xiic6l6jVHc,Uber sells Southeast Asia business to Grab | Money Talks,Uber is exiting Southeast Asia and handing over its business to local rival Grab. It's the third time the US ride-hailing service has thrown in the towel and pulled ...,1,LOW
176,2018-03-26T11:05:22.000Z,N7WTW75WsN8,"Goodbye UBER Philippines, Uber Sells Southeast Asia Operations to Grab","Published on March 26, 2018.",1,LOW
177,2018-03-29T14:50:10.000Z,SAz_RfBk6_8,Idola Mitra Grab #GrabTakesYouThere,"Buat para mitra Grab Bike & Grab Car, ayo ikuti video kompetisi video Grab Idol dengan cara : - Follow dan cari tahu info selengkapnya di Instagram ...",1,LOW
178,2018-03-26T08:52:08.000Z,qIpQSoIaI7s,Uber to sell its south-east Asian operations to rival Grab,"Pulling out from a war of attrition with a local rival, Uber Technologies Inc. has agreed to sell its Southeast Asian operations to Grab.",1,LOW
179,2018-03-27T23:49:10.000Z,J1q1aq5LW2g,Grab pull emergency U turn;  Nobody is fired,https://www.theonlinecitizen.com/ http://www.wp.sg https://kenjeyaretnam.com http://www.transitioning.org http://www.tremeritus.com/ ...,1,LOW
180,2018-03-28T03:09:28.000Z,s-J_hw0r3uw,Grab Assures Grab-Uber Merger Will Not Affect Fares,"The government will consider taking legal action against ride-hailing platform Grab, if they decide to increase ride fares, following the merger with Uber.",1,LOW
181,2018-03-07T03:43:43.000Z,_PcTCZ3aAHE,Percakapan Driver dan Call Center Grab.,"Percakapan driver dan call center grab Driver yang menanyakan ke call center, kenapa bonus insetifnya hangus. Komen yang positif aja ya kawan. Trimakasih.",1,LOW
182,2018-03-08T09:21:06.000Z,wtpI19fOgeA,Grab has big ambitions for GrabPay,"No longer just a ride-hailing company, Grab wants to lead the way to a cashless society across Southeast Asia with GrabPay. Jason Thompson, GrabPay's ...",1,LOW
183,2018-03-05T03:15:40.000Z,pcQ2QK7dV9Y,Mr. Yee Wee Tang Country Head- Thailand and Cambodia at Grab,Startup & Angels Phnom Penh #3 Mr. Yee Wee Tang Country Head- Thailand and Cambodia at Grab.,1,LOW
184,2018-03-18T12:08:35.000Z,VQ7svQm17ck,Grab bike in Cambodia Phom Phen,Grab bike in Cambodia.,1,LOW
185,2018-03-15T07:40:36.000Z,MCYPLTPLhFU,OCBC x Money 20/20 Asia: Milind Sanghavi on Grab's new financial strategy,"Main points from Milind Sanghavi, Head of Digital Payments: - Grab is big on financial inclusion. - Grab has partnered Credit Saison to offer financial services to ...",1,LOW
186,2018-03-07T20:59:20.000Z,6Cvori_fYqI,Grab INDEPENDENT Demak,Customer Hunt & Family Day.,1,LOW
187,2017-01-16T20:11:32.000Z,yLT78bJRsxg,"LTFRB to issue guidelines on Grab, Uber",The Land Transportation Franchising and Regulatory Board will soon issue a set of comprehensive guidelines to cover all app-based transport network vehicle ...,1,LOW
188,2017-01-18T12:41:48.000Z,Hz1iNfG0Fmo,CAFEHOPPING AND 3RM GRAB RIDE in JB! - VLOG #6,First ever bus ride to JB. Bumped into a good friend and he brought us around JB. DOWNLOAD NOOKBUZZ (it's free): https://www.goo.gl/52Ddwf on ...,1,LOW
189,2017-01-17T14:41:35.000Z,xB95Mq0uC8M,safety riding grab // grabvlog // #2 video,safety riding grabbike by SGN taman wiladatika cibubur..... kinemaster video editor sjcam m10 action cam.,1,LOW
190,2016-12-30T03:35:05.000Z,u3w76bh8sag,"Duterte to abusive Uber, Grab, taxi drivers: Stop it","By January, Duterte wants guidelines issued requiring Uber, Grab, and taxi drivers to display identification cards on car seats so passengers can easily report ...",1,LOW
191,2016-12-29T04:44:55.000Z,peIQgixxXcM,Uber & Grab Experience | FiSH LiNE CreatiVlog - Friends from Field (FF),Hi Guys :) Here's our video on Uber and Grab Experience. Sure thing its a fun ride having conversation with our friends from Uber and Grab. hope you enjoy ...,1,LOW
192,2016-12-10T12:09:45.000Z,3ss-CvqlysI,Grab ride in Saigon | Saigon vlog,"Hey it's me, guys you know how much i love to talk, so i made this talking video haha.. MUSIC: Credits: JSDRMNS, TRANG https://soundcloud.com/jsdrmns ...",1,LOW
193,2016-12-16T15:55:13.000Z,_3LHJkSq-n4,OpiniTaria - Gojek / Grab / Uber ?,We are comparing which one is a better Online transportation between Gojek or uber or Grab! what do you think? Contact Us! Email: Pi.Entertaria@gmail.com ...,1,LOW
194,2016-12-10T04:10:19.000Z,APyMQRjPKD4,Malacca grab a taxi,www.akims30seconds.com.,1,LOW
195,2016-12-17T04:28:50.000Z,eI7Bf6kW02g,Batman Grab Lamborghini,Coba di JKT Grab nya kaya gini trus supirnya pake pakaian superhero hahaha.,1,LOW
196,2016-12-21T01:16:39.000Z,tTFxsYrCTM4,Grab and MRT Is FREE!,"You can ride to MRT stations via Grab for FREE! + the fact that MRT is free for a month, you can literally have a completely free travel this December! Camera: ...",1,LOW
197,2016-12-09T09:00:32.000Z,6ipOSUFr02U,Go shopping with Grab,"Skip the parking, save time and money for the shopping instead. Enjoy RM6 off x 10 GrabCar (Economy) rides by booking with the promo code, ...",1,LOW
198,2016-12-03T04:18:48.000Z,b0yU2UE4x1c,Grab Indonesia,"Grab takes a hyper-local approach for each country, a strategy that works well for both Grab users and drivers in the traffic-heavy city of Jakarta. Grab Indonesia's ...",1,LOW
199,2016-12-07T02:46:54.000Z,-jwIq74lT-U,Grab - Delivering Happyness,Kids are eager to learn and are inspired by the simplest of things. But many children in Southeast Asia don't even have access to basic learning tools or toys.,1,LOW
200,2016-12-06T06:29:03.000Z,-Q8HmYOApsU,Grab & Uber prices side by side with Google Maps,Compare prices and timing of nearest car from Grab & Uber to your location with Google Maps.,1,LOW
201,2016-12-07T11:49:33.000Z,hmQqhORKMec,How to book an uber cab and grab free rides..(( all things...! a hindi channel ) ),"Please watch: ""Why Oppo and Vivo phones are the Top Offline Selling Phones , dont be fool by buying these mobile"" ...",1,LOW
202,2016-11-02T06:44:17.000Z,N_rA9osW7x0,Building the Team @ Grab,"Find out from Director of Engineering Ditesh Kumar, on the key attributes he looks for in building the engineering team at Grab and how you can be part of Grab's ...",1,LOW
203,2016-11-04T15:19:28.000Z,iDco7ZskHCE,test riding Grab bike,cibubur.,1,LOW
204,2016-10-26T05:09:48.000Z,S3sWnlZe7dE,Kuta Beach Cleaning by Grab Car Bali HD 720p,This Video made by Trainman Photoworks | +6281236371511.,1,LOW
205,2016-11-02T10:13:27.000Z,5UEwQ0-4qlc,Test safety grab bike cibubur 2 november 2016,Safety test grab bike.,1,LOW
206,2016-10-31T21:12:33.000Z,xWpNGAC7P5I,Grab Transport Service,Use Grab service in Asia when you need a ride somewhere. Do not use the taxi services because you will be ripped off. The taxis at the airports in Asia are all ...,1,LOW
207,2016-11-02T10:09:22.000Z,APEulK1lzus,safety riding grab 3,Safety reading grab bike.,1,LOW
208,2016-10-17T12:17:55.000Z,3TH1mxyC-cE,"GRAB app Manlia airport taxi service, Philippines","GRAB app Manlia airport taxi service, Philippines.",1,LOW
209,2016-10-15T08:16:05.000Z,ALPOUVjUHYA,Reliability @ Grab,"What makes #Grab, Southeast Asia's fastest growing tech unicorn, such a key component in the transportation field? Find out from Ditesh Gathani, Grab's ...",1,LOW
210,2016-10-13T10:22:54.000Z,dWhj0WIFVcE,Impacting Data @ Grab,"In the first of our Grab video series, Swara Desai, a Data Scientist Lead shares on how Grab uses ""data science to build everyday algorithms"". Want to impact ...",1,LOW
211,2016-10-20T01:07:16.000Z,EgeykGh9MVY,Kell Jay Lim (Grab) - Building a Ride Sharing Network in Singapore,"Startup Grind Singapore presents Kell Jay Lim, Country Head for Grab Singapore. Kell Jay talks with Patrick Linton from Bolton Remote about bringing Grab to ...",1,LOW
212,2016-10-14T08:32:09.000Z,_bOy0X-PZuc,Diversity @ Grab,"How does one innovate a product and yet comply to the standards of safety? Watch as Wang Xiao Dan, Head of Design at Grab, share about the diverse ...",1,LOW
213,2016-10-07T18:07:16.000Z,z_ezu1C8CLM,Grab Saves 30% to 40% in Resourcing and Manpower to Focus on Serving Their Customers,"Learn more - http://amzn.to/2bPKdlR By using Amazon Redshift, Grab is able to use real time data computation & data streams to support 1.5 million bookings in ...",1,LOW
214,2016-10-06T07:48:24.000Z,iwI-zJU2qoI,Tracking system feature by Grab,Track your driver and enjoy your ride.,1,LOW
215,2016-09-15T08:04:33.000Z,--zENlY3rco,TEST RIDING GRAB BIKE,"Ket : - Yang memakai jaket GRAB tersebut pindahan dari UBER - Yang memakai baju biasa itu dari umum SILAHKAN LIKE, SHARE & SUBSCRIBE BILA ...",1,LOW
216,2016-09-23T13:52:49.000Z,iPgHuk4vJgQ,"Grab, nuTonomy Roll Out Driverless Taxis in Singapore","Grab, a rival to Uber in Southeast Asia's ride-hailing market, will allow some customers in Singapore to book a ride in a driverless car starting on Sept. 23 as part ...",1,LOW
217,2016-09-20T18:17:37.000Z,esSEvzyNi4U,Grab VIP (Tagalog),"Client: GrabCar, Producer: Sasa Abella, Production House: Director's Board Video & Film Productions, Director: Mike Manalo, Asst. Director: Marvel Julian, Prod.",1,LOW
218,2016-09-06T11:24:07.000Z,WFXyDSwpB_w,Proud to be Malaysian? Grab a free ride!,"In conjunction with upcoming Malaysia Day celebrations, Grab has launched its 'Proud to be Malaysian' campaign, encouraging passengers to belt out a song ...",1,LOW
219,2016-08-17T09:42:34.000Z,3WFY0bksrYc,Grab for Work - Business transportation simplified,"https://www.grab.com/work Grab for Work is a solution designed for corporate users to simplify business transportation, giving you that end-to-end experience ...",1,LOW
220,2016-08-23T06:50:32.000Z,bJl2zUA2rlw,GRAB CAR GOT HIT!,On my way to class when just down the street the grab car I'm in gets hit from a car reversing! Next day the troop comes to hang out since everyone is off.,1,LOW
221,2016-08-24T17:26:07.000Z,SmNEvOYuJDo,James Reid - Welcome to the Grab Family!,James Reid is the newest ambassador of Grab.,1,LOW
222,2016-07-29T02:47:18.000Z,xKRUH6td8W8,Grab PH,All about GrabCar.,1,LOW
223,2016-08-05T02:15:25.000Z,ZZXwj4SpHxs,Hotlink x Grab Pokemobile,"Pokemon hunting season is here! And to keep you prime, ready and in tip-top shape to catch more monsters, we've prepared a really special trick up our sleeves ...",1,LOW
224,2016-08-06T11:03:47.000Z,3wNeWQVL5Ok,The Spoken Truth by Grab & Taxi Drivers  - #EP 1,"In my first video of, ""Voice Of The Voiceless Series"", I bring you The Spoken Truth by Grab & Taxi Drivers. More videos are coming soon which will address social ...",1,LOW
225,2016-08-02T12:15:04.000Z,LeYF6zXq34k,[ 02 AUG 2016] CAN GRAB BEAT UBER IN THE ASEAN CAR APP WAR & OTHER NEWS,Catch more news updates about trends in Southeast Asia on the ASEAN Daily!,1,LOW
226,2018-03-15T09:19:47.000Z,eAyWqw2cTSQ,Grab home from mrphy!,mrphy is a store based in Singapore selling bean bags and home accessories from award-winning brands around the world! Come visit our showroom at ...,1,LOW
227,2018-03-06T09:01:44.000Z,vKpktra1b0o,Interview with Cheryl Goh from Grab,marcus evans is a corporate and information company that delivers annual events across all industry sectors. You can subscribe to our channel here: ...,1,LOW
228,2018-03-07T17:37:20.000Z,ENs35NEpbxM,Grab celebrates strong women | International Women's Day 2018,"Women inspire us with their strength, determination and passion. This International Women's Day, we want to celebrate the strong women in our lives who ...",1,LOW
229,2018-03-04T03:18:47.000Z,z0fA1a8ikz8,Q n A with Joan Indonesian Idol #GrabTakesYouThere,"Hallo Idol Lovers, kali ini Joan Indonesian Idol mau bacain Q n A dari Idol Lovers yang udah kasih pertanyaan di Sosial Media loh, dan juga Joan dapet ...",1,LOW
230,2018-02-20T10:47:43.000Z,UEQGPznS_b8,Grab Training Online : Video Tutorial Online Training Grab Indonesia,Grab Training Online : Video Tutorial Online Training Grab Indonesia Mau Jadi Mitra Grab (Driver) ?? Hubungi Aswar (hp/wa : 0852 4207 3135) Jangan Lupa ...,1,LOW
231,2018-02-22T03:46:56.000Z,wtnvd8fjOjI,"DZMM TeleRadyo: Government-set base fare for Uber, Grab pushed","Transport network companies Grab and Uber may soon follow a government-set uniform fare structure, according to the Land Transportation Franchising and ...",1,LOW
232,2018-02-28T01:35:46.000Z,Ui4W5gUlCsI,Gen. Anthony Tata on President Xi's power grab,China's Communist Party makes moves to amend the country's constitution and scrap presidential term limits; reaction from retired U.S. Army Gen. Anthony Tata ...,1,LOW
233,2018-02-12T04:13:36.000Z,as_cf5AG2aw,Grab CNY,Client: Grab Production: Reserve Tank Colorist: Hilmy Online: Ereeq.,1,LOW
234,2018-02-14T11:31:51.000Z,4t6AKJ97A-A,Grab Bojonegoro The Movie Part1,"Terima kasih untuk semua rekan dan pihak pihak terkait yang terlibat dalam pembuatan video ini... Tayangan ini hanya sekedar HIBURAN semata, jika ada ...",1,LOW
235,2018-01-30T08:54:30.000Z,FCjDcnna8cU,Grab urges LTFRB to review cap on TNVS franchise,Grab Philippines Head Brian Cu suggests that the cap on the franchise of ride-hailing apps should be increased to about 75000 depending on the total number ...,1,LOW
236,2018-01-22T18:07:50.000Z,0RvYEcgX1Ng,10 Panduan Grab Food,"panduan cara menerima order grab food, standar pelayanan dan penggantian uang jika ada order fiktif Video ini di Khususkan untuk lebih mudah memahami ...",1,LOW
237,2018-01-22T18:15:04.000Z,BCj4KdPTE50,11 Panduan Grab Express,"Panduan Grab Express tatacara pengaktifan, biaya dan komisi yang berlaku. Video ini di Khususkan untuk lebih mudah memahami dan mengerti tentan segala ...",1,LOW
238,2018-01-19T11:00:01.000Z,XAkPgJeVo3s,GRAB HEROES CIREBON 2017,Dokumentasi event grab heroes cirebon 2017 video by cowokpemimpi creativeworks.,1,LOW
239,2018-01-21T08:58:38.000Z,8iP7-DtOu7o,"HOW TO TRAVEL THE PHILIPPINES: Taxis, Grab Car, Grab Taxi, Uber, Private cars in the Philippines","There are many transportation options in the Philippines. Taxis, Grab cars, Grab taxis, Uber and private transportation companies are some. Tourists beware of ...",1,LOW
240,2018-01-18T11:45:11.000Z,Ly2NBYvAzMA,GRAB BFGJ,KOPDAR KE 6 GRABBIKE JOGSEL.,1,LOW
241,2018-01-26T00:01:27.000Z,BgoFAC0CzCI,Self Driving Training - Grab Indonesia,"Diaplikasikan langsung dari salah satu buku best seller, Self Driving, pada 9-10 Januari 2018 berkumpul 30 peserta dari Grab Indonesia untuk mengikuti Self ...",1,LOW
242,2018-01-05T13:27:31.000Z,uZQICr4Tk5Q,Grab files petition for 5% fare hike,"Ride-hailing company Grab on Friday asks the Land Transportation Franchising and Regulatory Board for a 5% fare increase, citing the impact of the new tax ...",1,LOW
243,2017-12-19T04:55:53.000Z,rAyk6W1qaxI,Ride-hailing firm grab launches services in cambodia,"Ride-hailing firm grab launches services in cambodia PHNOM PENH: Ride-hailing firm Grab, the biggest Southeast Asian rival of Uber Technologies, on Tuesd.",1,LOW
244,2017-12-05T15:17:50.000Z,KaAc-tobShg,GRAB ; A love story,"Client : Grab Indonesia Production House : Atomic works Executive Producer : Ikbal Maulana Producer : Hestu Angga,...",1,LOW
245,2017-12-07T08:55:25.000Z,I86tCxaR9qY,Grab pontianak,Yg mau join ke kantor grab pontianak jalan penjara.,1,LOW
246,2017-12-01T13:00:05.000Z,eOki-JtVAJA,Grab: Passengers prepare for tight competition on ride bookings this holiday season,The app-based ride-hailing company Grab Philippines advises its passengers to expect difficulty in the booking of rides and longer waiting time for the arrival of ...,1,LOW
247,2017-12-01T06:54:18.000Z,7GvDK8OX-eQ,Never saw a GRAB car like this,I'm SuaGu...1st time saw GRAB car with shopping bag decoration?..follow follow follow...,1,LOW
248,2017-11-28T09:21:51.000Z,1F_OeH9z52c,I WON A GOLDEN TICKET from GRAB,Ordered a Grab bike the other day and got myself a Golden Ticket!,1,LOW
249,2017-11-24T06:11:10.000Z,2IirG3lx8w0,Save Maximum Money Through PromoOcodes Grab for Latest deals for Online Stores,"Presenting latest Video on Save Maximum Money Through PromoOcodes, Grab for Latest deals for Online Stores. Check here thousands of stores on which you ...",1,LOW
250,2017-11-08T12:28:09.000Z,QGbDJwWgekw,"Model Grab driver 'fought back,' says killer",The killer of model Grab driver Gerardo Maquidato Jr says his victim ended up dead because he tried to fight back. FULL STORY: ...,1,LOW
251,2017-11-15T05:31:25.000Z,13GyKB_akoo,Training Online Grab Car,Tutorial Training Online Grab Car Share Like Subscribe.,1,LOW
252,2017-11-08T09:26:45.000Z,owlVQMV7dC4,"Model Grab driver 'fought back,' says killer","The killer of model Grab driver Gerardo Maquidato Jr claimed on Wednesday, November 8, that his victim ended up dead because he tried to fight back.",1,LOW
253,2017-11-13T04:31:21.000Z,RNOg2wZjxfg,Police called in over dispute between Grab driver and passenger's husband at Serangoon block,"A dispute between a Grab driver and a man, believed to be the husband of the Grab passenger, occurred at Block 476A Upper Serangoon View on Friday ...",1,LOW
254,2017-11-01T09:13:51.000Z,SPMt70dq-9s,GrabPay SEA managing director Jason Thompson uses the Grab app to pay for food,"Mr Jason Thompson, Managing Director of GrabPay Southeast Asia, demonstrating the use of Grab app to pay for hawker centre food at Eden Garden Cafe on ...",1,LOW
255,2017-10-23T14:48:00.000Z,_K_2PsMKf9o,Grab Car Training Video 2017,Shoot & Edit: Bird.,1,LOW
256,2017-10-23T10:26:48.000Z,6_VyrD0Ppd4,Grab DDD Episode 2: Help Center Rate Trip,Pwede ka nang mag-report ng issues/concerns at magbigay ng feedback tungkol sa'yong trip o pasahero gamit ang Grab Driver App!,1,LOW
257,2017-11-03T01:49:32.000Z,4mEjdtvFQwk,DAFTAR GRAB CAR ONLINE,video tutorial cara DAFTAR GRAB CAR ONLINE.,1,LOW
258,2017-10-26T01:32:16.000Z,TyucgWnC6HQ,An important life lesson from a Grab car Lexus driver,"An important life lesson from a Grab car driver. Make life decisions first, not financial decisions.",1,LOW
259,2017-10-25T04:29:00.000Z,QNxJRaYpVGg,Grabbing a GRAB ride in Hanoi Vietnam,Grab is a popular 'get a ride' app here in South East Asia much like UBER. I take a ride around Hanoi on a grab and catchup with a friend for lunch and checkout ...,1,LOW
260,2017-11-02T06:31:05.000Z,Bjrg2SZvugo,"Grab, Uber ordered to put LTFRB stickers on their cars",The Land Transportation Franchising and Regulatory Board signs a Memorandum Circular requiring Uber and Grab drivers to put stickers on their windshields.,1,LOW
261,2017-10-31T00:48:37.000Z,-if7gIKH5Rw,Police clear Grab driver's last 3 passengers,Police on Tuesday cleared the last 3 known passengers of a Grab driver who was killed while on the job. Visit our website at http://news.abs-cbn.com Facebook: ...,1,LOW
262,2017-10-27T04:36:09.000Z,2GjNVXuzTEc,Training Online Grab,"Training Grab, berisi materi tentang grab..sebagai petunjuk dalam menjalankan aplikasi grab... Materi tidak disertakan test.. Happy Watching..!!",1,LOW
263,2017-10-30T05:21:12.000Z,hglktUF3wK0,"Duterte on Abella, Model Grab driver, Duterte on Akihito | Midday wRap",Watch the midday newscast with Mara Cepeda. For more: http://s.rplr.co/CRMAxjK Follow Rappler on Social Media: Facebook ...,1,LOW
264,2017-11-02T04:26:15.000Z,7n8XXtosqGA,"LTFRB stickers for Grab and Uber, Global Gender Gap rankings, NY attack suspect | Midday wRap",Watch the midday newscast with Marguerite de Leon. For more: http://s.rplr.co/YI0W0fM Follow Rappler on Social Media: Facebook ...,1,LOW
265,2017-10-28T17:08:02.000Z,R4w1z3be8d4,"How to Start a Startup - Startup Business Ideas 2017 (GRAB, GOCAR & ZenRoom Examples)",For Project Discussion call/whatsapp me +6016 2928 012 Recommended Web hosting:https://www.siteground.com/go/mjoffer Logon to Red Panda website: ...,1,LOW
266,2017-10-19T18:50:14.000Z,TXfAqF9Q8DU,Grab For You #1: Sze Ling; Navigating independently without limitations.,"At Grab, we strive to make a difference to our community. This is why we make products like our in-app accessibility features. Watch how Sze Ling, a visually ...",1,LOW
267,2017-10-31T16:55:55.000Z,4fshyUbSocU,The World Tonight: Cops clear last 3 passengers of slain Grab driver,Three men initially considered by police as persons of interest in the murder of a Grab driver have presented video evidence to prove their innocence. The police ...,1,LOW
268,2017-10-30T02:39:08.000Z,yjMDoVxBw5o,DZMM TeleRadyo: Grab offers P100K reward for leads on driver's killer,"Ride-hailing service Grab Philippines is offering P100,000 for any information leading to the killer of one of its partner-driver. Subscribe to the ABS-CBN News ...",1,LOW
269,2017-10-22T20:04:59.000Z,jAljM95KdeQ,How To Use GRAB Application,"How to use GRAB Applcation. Hey you... My name is Tjoa Susanto. This is my first vlog at youtube. now i teach you how to use a grab application, so let's watch ...",1,LOW
270,2017-10-12T15:01:06.000Z,7vMCMbxswRM,how to book online taxi in Malaysia - grab taxi,how to book Grab taxi in hindi .grab car taxi in Malaysia online taxi very popular and best malaysia travel services with in 5 miners taxi with you as you choosen ...,1,LOW
271,2017-10-04T16:37:27.000Z,IaaGIqh9-aI,GRAB #ALWAYSTHERE4YOU,"Dengan grab segala sesuatu kegiatan yang kita lakukan menjadi lebih mudah , banyak kelebihan yang diberikan Grab masyarakat mulai dari Grabike,Grabfood ...",1,LOW
272,2017-10-09T18:10:30.000Z,Wr1ujFGDDPI,Grab scales to spectacular growth with Red Hat Ansible Tower,Learn how ride-hailing app Grab scales to meet demand from millions of users and quickly deploys new features by streamlining IT with Red Hat Ansible Tower.,1,LOW
273,2017-10-12T08:43:24.000Z,xMzvHxN33AQ,"adoboLIVE! Brian Cu, Country Head, Grab PH on regulating disruption","Grab Philippines Country Head Brian Cu talks about how the ride-sharing company deals with regulators and shares lessons on how start-ups can do it, too.",1,LOW
274,2017-09-29T23:52:28.000Z,RR3ZAVk4OGQ,"JSP announced Filipino Deaf community about Grab discount for PWDs, Senior Citizens & students",You can apply PWD discount 20% for Grab thru https://grabph.typeform.com/to/cetndO.,1,LOW
275,2017-09-16T11:00:01.000Z,FRSSiacnXNk,Uber vs. Grab Vietnam | Which is better?,Uber and Grab are one of the transportation that you can use here in Vietnam. It is a very big help to go anywhere you want to go. I often use both of them but ...,1,LOW
276,2017-08-21T09:37:25.000Z,aXPh8uLLWx8,GRAB CAR Commercial,Disclaimer: This commercial is for academic purposes only. UPHSD Computer Studies.,1,LOW
277,2017-08-29T13:18:36.000Z,WUwVZpfOfVQ,Grab's Anthony Tan on being a 'street fighter' | Managing Asia,"Anthony Tan, co-founder of Grab, talks to CNBC about working with fellow Grab co-founder Tan Hooi Ling and making decisions at the start-up. ----- Subscribe to ...",1,LOW
278,2017-08-29T13:18:22.000Z,eOdDR-DGxkU,We don't disrupt for the sake of disrupting: Grab CEO | Managing Asia,"Anthony Tan, co-founder of Grab, says the ride-hailing start-up is focused on solving complex problems in Southeast Asia. ----- Subscribe to CNBC Life: ...",1,LOW
279,2017-08-27T23:11:00.000Z,VUJsipXnhx0,First day narik GRAB bike Yogyakarta||motovlog indonesia ||08,Hari sabtu sabtu adlah hari prtma sya narik ojek online...tanpa dpt orderan satupun wltu itu...mngkin blm tau tempat2 yg rame maklum bukan asli jogja hhehhe ...,1,LOW
280,2017-08-27T16:24:52.000Z,XyBRAcjl39U,Test training online grab car video 1,"Test online grab car video 1, lanjutkan menonton video 2, 3,4 dan seterusnya untuk mengetahui test training online grab car.",1,LOW
281,2017-08-27T04:02:36.000Z,k1sPmqPOZrg,Grab VS. Uber,a vlog about the benefits of Grab and Uber.,1,LOW
282,2017-08-30T03:12:55.000Z,PKK3QVBo_FM,"Uber, Grab should be treated like public transport: senator","The same regulations that apply to taxis and buses should extend to ride-sharing services like Uber and Grab, which should be declared as public utility vehicles ...",1,LOW
283,2017-08-29T14:48:54.000Z,hrYPZHaKM5k,Test training online grab car video 3,"Test training online grab car video 3, lanjutkan menonton video 4.",1,LOW
284,2017-08-29T20:52:19.000Z,ZNbQcXHkHHw,Grab hails Concur a total success,"Grab is changing the way people travel in South East Asia (SEA). The company needed a way to simplify expense management and chose Concur, identifying ...",1,LOW
285,2017-08-30T14:37:52.000Z,ePzn62B2s0A,How To Book Grab Car In Malaysia 2017 | Use To Grab Taxi Online Malaysia |Ahrahim,how to book grab car in malaysia 2017. use grab taxi online booking malaysia. easy system online booking taxi malaysia.,1,LOW
286,2017-09-03T13:09:51.000Z,Dx4UmycY25s,How to ride Grab In Malaysia (Bangla Tutorial),click here to download Grab app https://play.google.com/store/apps/details?id=com.grabtaxi.passenger.,1,LOW
287,2017-08-31T12:05:48.000Z,Txm-hnbqTf0,How to request Grab using google maps ( more accurate ),For rider who cannot pin point their exact location better use google maps. Even kampung road also can be detected by grab. Must have grab rider apps ...,1,LOW
288,2017-08-30T02:30:14.000Z,4q929BufIvI,"DZMM TeleRadyo: Uber, Grab partners face cap on number of cars: LTFRB",Subscribe to the ABS-CBN News channel! - http://bit.ly/TheABSCBNNews Watch DZMM Teleradyo livestream on TFC.TV http://bit.ly/DZMMTeleradyo-TFCTV ...,1,LOW
289,2017-08-29T14:52:07.000Z,DuuvD5TJtxA,Video test training online grab car video 5,"Video test training online grab car video 5,lanjutkan menonton video 6.",1,LOW
290,2017-09-02T01:22:17.000Z,JCHrgT5oO6g,Honest Grab Driver Returns a Big Amount of Money and Documents,"Be connected, Share, Like and engage! Subscribe now for more latest, Hot and updated Showbiz, Politics, People and some World News. Share your reactions ...",1,LOW
291,2017-08-28T03:25:23.000Z,-_kowkzfOrI,Last day in Singapore (The grab driver talks about Manila!),Thank you so much for watching! I'm sorry about some of the sound glitches. Warning: 4:03 sound glitch I hope you enjoyed. Music by JNSN ...,1,LOW
292,2017-08-27T08:40:28.000Z,W0PWDdDZbQo,grab and uber vs taxi groups,christian delgrosso intro.,1,LOW
293,2017-08-26T05:52:44.000Z,t9FZrjQjNQY,"Edgar Dee| Uber and Grab, Grab and Uber","Vlogger/Youtuber kuno. B-22 Salazar, Edgard Joseph L. 11-St. Paul the Apostle Don't forget to Like|Comment|Subscribe Twitter|IG @iamedgardjoseph.",1,LOW
294,2017-08-25T14:50:11.000Z,lDUeoRpvKSQ,Uber and Grab car,Vlog about uber and grab.,1,LOW
295,2017-08-20T06:29:11.000Z,WFF3vQQfa0c,Grab Tutorial: How to Use Incentives Cards,Learn how to use incentives cards to keep track of your performance on each incentive and the payout you've achieved!,1,LOW
296,2017-08-07T07:00:01.000Z,QixlYGOAigQ,Uber / Grab Drivers Can Relate to This: Goody Story,Uber / Grab Drivers Can Relate to This: This could well be the most realistic Uber / Grab experience in Singapore. No? GET A $7 SHOPEE VOUCHER + $10 ...,1,LOW
297,2017-08-07T11:08:16.000Z,33NMVu1AGwM,WONDERWOMAN AT THE WHEEL EXCLUSIVE INTERVIEW FILIPINA LADY GRAB DRIVER  PHILIPPINES,MerchStore : http://bit.ly/2rOdBxr PLEASE SUPPORT US ON PATREON:https://www.patreon.com/terenceflannery Our site is about many aspects of ordinary life ...,1,LOW
298,2017-08-05T17:40:24.000Z,XZH1g1sADUU,Failon Ngayon: The Grab and Uber controversy,"Failon Ngayon presents the concurring issues involving the two transport network companies, Grab and Uber. Subscribe to the ABS-CBN News channel!",1,LOW
299,2017-08-06T22:58:16.000Z,fr2czlFnbAI,Grab x SEA Games 2017,"Grab is proud to be the official ride-hailing partner of SEA Games 2017. But as Filipinos, we should be even prouder! We've won 17 out of 18 golds in basketball ...",1,LOW
300,2017-08-07T04:51:10.000Z,-PmLBu0FQIg,BEHIND THE STORY: Grab makes it big,"At a whopping US$6 bil, Grab is Southeast Asia's most valuable startup. Nadia S Hassan talks to Joyce Goh about her interview with co-founder and CEO ...",1,LOW
301,2017-08-17T15:31:02.000Z,fg9AztEp06o,"LTFRB allows drivers to switch to Grab, U-Hop during Uber suspension",The Land Transportation Franchising and Regulatory Board on Thursday allows Uber drivers to transfer to Grab and U-Hop while Uber remains suspended.,1,LOW
302,2017-08-10T16:30:43.000Z,j8ne2L--WcE,Grab Pay e-wallet - August 2017,"Grab ewallet is simply a virtual account to ease transaction within Grab App. For balance topup, the step is not smooth, as the page moves outside the App via ...",1,LOW
303,2017-08-06T21:44:24.000Z,wEU_SNnK2W4,TRANING ONLINE GRAB BANDUNG PART 1,Video tutorial TRANING ONLINE GRAB BANDUNG.,1,LOW
304,2017-08-03T14:30:20.000Z,bq4rJXpvsVM,Grab driver falls prey to pickpocket,"A Grab driver had his money stolen by his customer during a ride in Woodlands, Singapore. The suspect has since deleted his social media accounts after being ...",1,LOW
305,2017-07-24T23:27:15.000Z,n0g7VEqPCnI,SoftBank Helps Uber Rival Grab Raise $2 Billion,"Jul.24 -- Grab, the leading provider of ride-hailing services in Southeast Asia, said Monday it raised $2 billion from Japan's SoftBank and China's Didi Chuxing .",1,LOW
306,2017-07-24T02:57:43.000Z,r33d9MXquLg,Experiment:  Grab vs Uber vs Taxi (Surveillance Interview),"Few days ago, LTFRB has released a statement to temporarily halt the operations of Grab and Uber. This experiment and surveillance interview were conducted ...",1,LOW
307,2017-07-31T16:57:21.000Z,5UCyVztZt_U,Grab and Uber Asked to De-List Drivers in PHL,The Land Transportation Franchising and Regulatory Board on July 26 issued a response to ride-hailing companies Grab and Uber to de-active drivers in ...,1,LOW
308,2017-08-03T07:01:20.000Z,z_XnIR5BPes,"Grab, Uber open to franchise requirement","Grab and Uber told lawmakers Thursday they were open to securing franchises from the state, as they wrangled with regulators on the scope of government ...",1,LOW
309,2017-08-03T06:15:10.000Z,Cjt4bNHLP0I,"LIVE: Senate Hearing on LTFRB issues vs Grab, Uber and Taxi Passenger Bill of Rights","The Senate public services committee will hold a hearing on the issues hounding ride-hailing companies Grab and Uber, as well as the proposed Taxi ...",1,LOW
310,2017-08-03T06:09:54.000Z,38RHao1gXMg,"LIVE: Senate Hearing on LTFRB issues vs Grab, Uber and Taxi Passenger Bill of Rights","The Senate public services committee will hold a hearing on the issues hounding ride-hailing companies Grab and Uber, as well as the proposed Taxi ...",1,LOW
311,2017-08-02T13:47:25.000Z,39qNfLtpQUA,"LTFRB 'shocked' that Uber, Grab have over 100,000 drivers",The Land Transportation Franchising and Regulatory Board is shocked to know that Grab and Uber have more than 100000 vehicles registered in their systems ...,1,LOW
312,2017-08-04T10:48:52.000Z,ZAcerXEcJME,"James Deakin on TNVS, Taxi, Uber, Grab and private vehicles","Auto caption - TURN ON CC, please feel free to correct me thru the comment section below: View transcription here - https://pastebin.com/raw/qVz03UPj.",1,LOW
313,2017-07-26T05:47:08.000Z,G_bCXL7Rw6Y,"Balangiga bells, Uber and Grab, Pell | Midday wRap",Today on Rappler: The United States vows to help resolve the issue of the historic Balangiga bells. Metropolitan Manila Development Authority chairman Danilo ...,1,LOW
314,2017-07-26T10:19:32.000Z,nTHm3Q82PFY,"LTFRB on regulating Grab, Uber: We are not against innovation","The Land Transportation Franchising and Regulatory Board on Wednesday stressed the importance of regulating ride-sharing firms Grab and Uber, and their ...",1,LOW
315,2017-08-02T08:39:00.000Z,fUMHWjITMKE,"Lawmaker flags criminal violations of Uber, Grab",Ride-sharing services Uber and Grab face criminal and civil charges for operating without a franchise and violating the constitutional limit on foreign ownership ...,1,LOW
316,2017-07-27T05:21:59.000Z,hEh6kCzXXDs,"LTFRB orders Grab, Uber to deactivate drivers registered after June 30",The Land Transportation Franchising and Regulatory Board orders Grab and Uber to deactivate drivers who registered with the ride-hailing companies after ...,1,LOW
317,2017-07-26T05:40:37.000Z,ynbsma-KiA4,"MMDA chief orders colorum Grab, Uber drivers to get off the streets",Metropolitan Manila Development Authority chairman Danilo Lim wants 'colorum' Grab and Uber drivers off the road. FULL STORY: http://s.rplr.co/ihOcIiE.,1,LOW
318,2017-08-05T09:13:59.000Z,nYdn6qnobQw,"Extended Validity, Uber, Grab: here to stay, Smoke- Free task force on Trending Klipps","In the latest edition of Trending Klipps, Duterte signs into law passport and driver's license validity extension, Uber and Grab, here to stay and LGUs to create ...",1,LOW
319,2017-07-18T01:10:33.000Z,Jka9A90jDwg,Why Work at Grab? Part 2,"Is this the worst director of all time?! Our Hollywood big shot's idea of employer branding videos are... Welp, see for yourself. Glad we had so much fun making ...",1,LOW
320,2017-07-19T17:31:50.000Z,nrg2bah8sBg,Transport turmoil: Grab the Uber by the tail,"Two years after acquiring legal status, Transportation Network Vehicle Services (TNVS) Grab and Uber find themselves at loggerheads with the Transportation ...",1,LOW
321,2017-07-11T08:07:32.000Z,fZ_tcPxYSxo,Grab Philippines country head Brian Cu reacts to P5-M fine by LTFRB,"Grab Philippines country head Brian Cu says they allowed drivers to operate because of ""demand"" from the public. FULL STORY: http://s.rplr.co/K7v2NGR ...",1,LOW
322,2017-07-12T00:08:48.000Z,-wsyKXOnFWM,"Vietnam Raw #2 | Taking Grab Taxi and Night Driving in Phu My Hung, HCMC Vietnam","We take a GrabCar (similar to UBER Vietnam) to go to a Chicken restaurant in in Phu My Hung, Ho Chi Minh City. We talk about the development of the streets ...",1,LOW
323,2017-07-14T15:46:52.000Z,mUAd1lM9y50,GRAB CAR PRANK - PRANK INDONESIA | MAKASSAR PRANK,"WATCH IN HD !!! PUBLIK PRANK Kali ini kita membuat GRAB CAR PRANK , vidio ini terinspirasi dari vidio kyflyf , dimana kita akan memesan grab untuk ...",1,LOW
324,2017-07-18T11:21:56.000Z,x_Y_v-sxMvw,"LTFRB vs UBER AT GRAB ISSUE, DISASTER AT POSIBLENG IKABAGSAK NG SATISFACTION RATING NI DUTERTE - TP","Thinking Pinoy RJ Nieto nagbigay ng opinyon sa kanyang FB Live tungkol sa Uber at Grab na issue. Ayon sa kanya, kung hindi ito maresolba posibleng ...",1,LOW
325,2017-07-18T14:06:43.000Z,g4cf5OF5Xrs,"Poe to LTFRB: Are reckless buses, jeepneys safer than Grab, Uber?","Tapos sabihin natin, 'Oh because they put the passengers' safety at risk.' Ah so mas ligtas ang ating mga kababayan sa mga bus na humaharurot sa kalsada at ...",1,LOW
326,2017-07-21T11:44:45.000Z,IktN82d82hU,"Grab and Uber, Duterte, Metrobank fraud | Evening wRap",Today on Rappler: The Land Transportation Franchising and Regulatory Board Member Aileen Lizada says the transport body lost the accreditation papers of ...,1,LOW
327,2017-07-18T06:06:01.000Z,mTbdl4N1lvo,"Grab, Uber to keep drivers on the road until LTFRB clarifies order",Grab and Uber say they will keep their undocumented drivers on the road until the Land Transportation Franchising and Regulatory Board clarifies its order.,1,LOW
328,2017-07-18T05:20:28.000Z,owyne83WatI,"Grab and Uber, BBL, White House | Midday wRap",Today on Rappler: Grab and Uber say they will keep their undocumented drivers on the road until the Land Transportation Franchising and Regulatory Board ...,1,LOW
329,2017-07-11T12:02:15.000Z,oT2pEiyyjCA,"LTFRB fines Grab, Uber P5M each for permit violations",The Land Transportation Franchising and Regulatory Board on Tuesday fines Uber and Grab P5 million each for permit violations. FULL STORY: ...,1,LOW
330,2017-07-20T12:32:14.000Z,NYMqdKdm8mU,"Grab and Uber, SALN, Calida | Evening wRap",Today on Rappler: Undocumented Grab and Uber drivers can stay on the road until the Land Transportation Franchising and Regulatory Board decides on the ...,1,LOW
331,2017-07-18T12:11:55.000Z,J8VRHE2_Pgw,"LTFRB to Uber, Grab: If you don't comply, do business elsewhere",Land Transportation Franchising and Regulatory Board Chairman Martin Delgra says Grab and Uber should do their business elsewhere if they continue to ...,1,LOW
332,2017-07-07T13:13:38.000Z,YHDe_lAsgbg,"Grab, Uber drivers ask LTFRB to lift ban on new driver applications",Grab and Uber drivers on Friday urge the Land Transportation Franchising and Regulatory Board to lift its ban on new driver applications. FULL STORY: ...,1,LOW
333,2017-07-18T11:40:03.000Z,d68BY3Rr8yc,"Martial Law, Uber and Grab, Aguirre | Evening wRap",Today on Rappler: President Rodrigo Duterte wants Congress to extend martial law in Mindanao until December. Land Transportation Franchising and ...,1,LOW
334,2017-07-11T11:54:17.000Z,PJKKE9YZzHg,"Uber and Grab, Napoles, Marcos | Evening wRap",Today on Rappler: The Land Transportation Franchising and Regulatory Board fines Uber and Grab P5 million each for permit violations. Alleged pork barrel ...,1,LOW
335,2017-07-17T06:51:48.000Z,YJVXH0RweZM,"BT: Panayam kay Leo Emmanuel Gonzales, public affairs manager, Grab PHL",Balitanghali is the daily noontime newscast of GMA News TV anchored by Raffy Tima and Connie Sison. It airs Mondays to Fridays at 11:30 AM (PHL Time).,1,LOW
336,2017-07-04T02:59:26.000Z,zVTFlDd8iKw,Why work at Grab? Part 1,"This is what happens when you get some Hollywood big shot to make employer branding videos... Welp, at least we had fun! hahaha Why work at Grab?",1,LOW
337,2017-07-05T02:15:59.000Z,-p8sEv2XI1s,Grab Driver Stories: Fadzli. Small-Town Boy and Grab Driver.,"This is Fadzli, a small-town boy from Perlis and a Grab Driver. He arrived in KL with little to his name but turned everything around after he started driving for ...",1,LOW
338,2017-07-04T07:21:06.000Z,twXsq4300HU,"Grab Car, Grab Taxi, Grab App: How to Go Around Bacolod Safely and in-Style","Whenever you visit Bacolod, make sure that you use the Grab App to book a taxi or a car. It's better because it's safer and what you don't know is Grab actually ...",1,LOW
339,2017-07-06T02:55:00.000Z,Mz9czDV-7c8,Driver Grab Bike pakai motor all new r15 v.3,Selamat pagi sob.. Pertama kalinya all new r15 2017 digunakan oleh driver grab bike di jalan Ciputat - Parung yang di rekam oleh pengunjung saya oleh bro ...,1,LOW
340,2017-06-27T11:48:31.000Z,c4AYPwPx5UQ,"Vlog: Kuta-Legian to Ubud Bali by Grab motorbike, driven by a cute 17 year old girl","I was in Kuta-Legian at the Akmani Hotel and it was all fine, but the area was starting to get so annoying. All the people bothering starts to get to be too much. i ...",1,LOW
341,2017-06-15T03:41:14.000Z,gstGA4Z0PYs,Karma bites Grab driver who mocked Chinese tourists in video,A Grab driver seen mocking Chinese tourists in a video that has gone viral on social media has been removed by the ride-hailing company.,1,LOW
342,2017-06-17T12:22:50.000Z,X7sK8_s9lO4,Grab Driver Stories: Siti. Entrepreneur and Grab Driver.,"Say Hi to Siti. She's an entrepreneur and Grab Driver. She's also a model of hard work, running her online business while earning extra income for her family by ...",1,LOW
343,2017-06-13T15:20:25.000Z,rsfPD2P7MKk,Grab Driver claims to earn 25-26k a month,Grab Driver claims to earn 25-26k a month.,1,LOW
344,2017-06-09T13:41:05.000Z,AZAD63_8I6E,"The Future of Ride-Hailing Apps, as Seen by Grab","Anthony Tan, CEO of Grab, said during WSJ D.Live Asia that his Singapore-based ride-hailing company is betting on closer collaboration with taxi companies ...",1,LOW
345,2017-06-11T10:53:10.000Z,xnWenVjDgAI,Grab rider app how to use exact location philippines,To help and educate riders on how to use grab app so that drivers will locate them easily and quickly at pick-up point and also drop them off at the exact location ...,1,LOW
346,2017-06-08T16:11:18.000Z,yxduauXQHFw,One day in Grab,Perfect one day adventure in Grab. www.tara-grab.com www.naturelovers.me.,1,LOW
347,2017-06-16T15:31:50.000Z,HnR_VqwFS0o,grab now tutorial nieh,fitur baru dari grab nih bagi yang blom tau cara menggunakan nya.,1,LOW
348,2017-05-26T08:46:49.000Z,pW5AFzFErbQ,YOU WONT BELIEVE what this GRAB EXPRESS Driver did to his CUSTOMER!,All credits goes to Blase Barroso! For more news please like and subscribe!,1,LOW
349,2017-06-06T05:24:45.000Z,uDmyPDCN-hw,"Grab - Wei Zhu, Chief Technology Officer | WOBB","It was 2012 and legend has it, a few friends were enjoying some tea together. As is common with Southeast Asians, they started ranting about how hard it was to ...",1,LOW
350,2017-05-30T17:28:38.000Z,c0KLB50ORqE,How to use & order grab taxi application,Created by VideoShow:http://videoshowapp.com/free.,1,LOW
351,2017-05-22T08:00:01.000Z,kXEpG9hoPQU,How to Use GRAB,"Hello! Welcome to my channel! My name is Alice I am beauty enthusiast and I make beauty product reviews, make up tutorials and more! I use a Canon ...",1,LOW
352,2017-05-10T12:36:53.000Z,3B8TCrIVhY8,GRAB SHARE VIDEO,"We do not own the copyrights to this video, this is used for training purposes only*",1,LOW
353,2017-05-17T11:20:21.000Z,5FK0LTCqkEY,Grab x Tinder Moments,"Here are some of our favorite moments from the Grab x Tinder match-up. What were yours? For those who missed out, fret not. Download the Tinder app today ...",1,LOW
354,2017-05-15T08:14:41.000Z,qMOpFrzalJE,Grab at AWS Summit 2017,"Our VP of Engineering, Arul Kumaravel talking about how we use AWS at Grab to make transportation in South-East Asia safer and easier.",1,LOW
355,2017-05-10T06:45:44.000Z,m4V36z7jax0,Guide for Grab - How to take a grab car in singapore,"Get a safe and reliable ride in minutes with Grab (formerly GrabTaxi). With the largest pool of drivers in Southeast Asia, Grab offers the fastest booking service for ...",1,LOW
356,2017-05-10T06:45:45.000Z,btVC5ine9kA,Guide for Grab - How to use the driver app,"Get a safe and reliable ride in minutes with Grab (formerly GrabTaxi). With the largest pool of drivers in Southeast Asia, Grab offers the fastest booking service for ...",1,LOW
357,2017-05-10T06:45:45.000Z,AlQDWncB15U,Guide for Grab - How to use Grab taxi,"Get a safe and reliable ride in minutes with Grab (formerly GrabTaxi). With the largest pool of drivers in Southeast Asia, Grab offers the fastest booking service for ...",1,LOW
358,2017-05-14T14:11:28.000Z,f6KNJvS2v7w,Use Grab Apps to Go anywhere in Malaysia & Save_money _100% _protection. (Grap app),Get a safe and reliable ride in minutes with Grab (formerly GrabTaxi/ MyTeksi). With the largest pool of drivers in ... got rides for everyone. Download the app and ...,1,LOW
359,2017-04-19T10:31:26.000Z,uNdeu0Aj-0w,"[SOCIAL EXPERIMENT] GOCAR VS GRAB CAR VS UBER (GOJEK, GRAB, UBER)","Setelah membandingkan service dari layanan GoRide, GrabBike dan Uber Motor, kali ini tim dari SKWAD MEDIA membandingkan layanan transportasi online ...",1,LOW
360,2017-04-11T03:45:46.000Z,hXar45kGDqg,RECKLESS GRAB CAR DRIVER ARISTEO LARA JOSEF,"Like us on our Facebook Fan Page: https://www.facebook.com/crazydriversph Attention to all Grab Car users. Beware of ARISTEO LARA JOSEF, a certified ...",1,LOW
361,2017-04-08T05:23:14.000Z,T47Wj2l1P10,"Strange Grab, Uber taxi, I've never seen before.","Grab, Uber bike in Vietnam. Wherever you go, you can ride with cheap price and you can reach at any place.",1,LOW
362,2017-04-16T22:05:55.000Z,sJ942OzhGgA,[PROMO GRAB] SUPERHEMAT Voucher Grab Bike 60%,GUNAKAN VOUCHER GRAB60 UNTUK MENDAPATKAN DISKON 60% UNTUK PEMESANAN GRAB BIKE.,1,LOW
363,2017-04-13T06:46:57.000Z,iu3ChzK49lE,Grab - Sign up & Booking,"Get a safe and reliable ride in minutes with Grab (formerly GrabTaxi). With the largest pool of drivers in Southeast Asia, Grab offers the fastest booking service for ...",1,LOW
364,2017-04-10T09:12:36.000Z,3Qp8Lfhmuqc,Grab & Ambi Pur Presents: The Freshest Ride,See how Harith Iskander gives a Fresh Ride experience to unsuspecting passengers! Brought to you by Grab and Ambi Pur. Want to experience The Freshest ...,1,LOW
365,2017-04-05T10:00:04.000Z,e7x-QH_Eruk,UBER & GRAB VS REGULAR TAXI,ANONG MASABI NYO SA TAXI DRIVER NATIN SA PILIPINAS? THANKS FOR WATCHING! CAN WE GET 500 LIKES? FEEL FREE TO COMMENT YOU SONG ...,1,LOW
366,2017-04-01T23:51:24.000Z,GqzL6O3nCGM,Grab Bikes in Vietnam,http://jessicaganci.theworldrace.org/post/grab-and-go-highfive.,1,LOW
367,2017-03-24T22:09:57.000Z,qn0EVdKhlQ8,Another Grab Cab ride in the philipines,i believe this was the first part of the Grab cab ride to the mall of asia.........,1,LOW
368,2017-03-10T02:38:48.000Z,LVWu4DwWQQY,Families with young kids can now travel with Grab,"Families with young children aged four to seven years old, can now travel to places in Singapore with ride-hailing firm, Grab. Parents can simply select the ...",1,LOW
369,2017-03-15T03:04:05.000Z,N0UmqdAFGgs,GRAB HITS,Lucu pasti ketawa.,1,LOW
370,2017-03-17T14:31:32.000Z,Ad5lopSugAk,Live by Phone : Alasan Grab Indonesia Tolak PM No. 32 - iNews Petang 17/03,Tanggal Tayang: 17/03/17 Subscribe iNewsTV Official Youtube Channel: https://www.youtube.com/OfficialiNewsTV dan subscribe untuk program News kami di ...,1,LOW
371,2017-03-06T10:50:33.000Z,zQ3f92HasGE,Driving Forward: The Growth of Grab 2016,We are excited to share our journey of success in 2016. Come join our amazing team of heroes and help us drive Southeast Asia forward together. Apply to be a ...,1,LOW
372,2017-02-08T02:41:46.000Z,LrLu3Bpp3pI,The Amazing Race Asia Season 5 with Grab!,Our GrabCar drivers are more than just ordinary drivers. Find out how they made an impact on The Amazing Race Asia S5's top 3 teams! #AXNTARA.,1,LOW
373,2017-02-13T10:27:47.000Z,KHXQHiW5Cjk,"'Grab only charges RM110  from Genting to Penang,  how to make money?'",Small and Medium Scale Entrepreneurs Association of Malaysia (Ikhlas) president Mohd Ridzuan Abdullah wants ride-sharing company Grab to pay its drivers ...,1,LOW
374,2017-02-07T09:18:12.000Z,OzubvdW8DCk,Grab x AXN The Amazing Race Asia!,"We are very proud to be one of The Amazing Race Asia S5's partners! As the official ride partner, we were given the important task of providing the contestants ...",1,LOW
375,2017-02-13T11:45:47.000Z,KIF1rU9w7xY,Grab drivers outraged over deductions,"About 100 Grab taxi drivers and Pertubuhan Ikatan Usahawan Kecil dan Sederhana Malaysia had gathered on Monday, claiming that Grab has deducted more ...",1,LOW
376,2017-02-18T16:38:09.000Z,2Xo_6gk0Z14,"Taking Grab Car in Phuket, Thailand Only Slightly Cheaper than a Taxi or Minibus","But, no haggling and you can use your credit card. Great service.",1,LOW
377,2017-02-21T11:40:19.000Z,4ePIneRYw9M,Grab Scooter Taxi From Phuong 19 To The Ben Thanh Market In District 1,A quick ride from our Apartment in Phuong 19 to the Ben Thanh Market in District 1. Set me back about 60 US cents. One of the best ways to get around Ho Chi ...,1,LOW
378,2017-02-06T07:28:51.000Z,MW5XBKHGwY4,Grab car driver face this problem.,No money to book 7 seaters grab car when i refused to take them this guy want to throw my key away.,1,LOW
379,2017-01-28T07:38:29.000Z,lojkuuSwyw4,GRAB CAR REGISTRATION + BUYING YUNTENG MONOPOD,Happy Chinese New Year guys! It's Saturday and I made this rush editing just now because I have to go back to the province by lunch time. I woke up early and ...,1,LOW
380,2017-01-29T09:14:41.000Z,Nyj3q4UIzf0,[GRAB Philippines] GrabShare - Online Training,Video by: Grab Philippines.,1,LOW
381,2017-01-31T08:10:39.000Z,0RgHykFHCfo,Grab/Uber Driver Contract Template for PH drivers [2017],"Easy-to-use template, just change the text in RED font. Feel free to comment or send a message for the .DOC version of this.",1,LOW
382, , ,One day in Grab, ,1,LOW
383, , ,Grab has big ambitions for GrabPay, ,1,LOW
384, , ,Emelia & intan The Information About grab 045, ,1,LOW
385, , ,Grab and MRT Is FREE!, ,1,LOW
386, , ,Diversity @ Grab, ,1,LOW
387, , ,I WON A GOLDEN TICKET from GRAB, ,1,LOW
388, , ,Interview with Cheryl Goh from Grab, ,1,LOW
389, , ,WD2249A Blasting Horn Road Rage at Platinum Suites KLCC GRAB, ,1,LOW
390, , ,Grab Gm Family, ,1,LOW
391, , ,Gojek feat grab // just for fun, ,1,LOW
392, , ,TEST GRABBIKE, ,1,LOW
393, , ,Reliability @ Grab, ,1,LOW
394, , ,Grab Food, ,1,LOW
395,2018-06-21T03:25:37.000Z,oGpGca9vOPI,Grab mod 5.39 Smile time,Tes kegacoran.. like dan subcribe apa bila ada yg bermanfaat u/ anda dlm video ini #grabmod.,1,HIG
396,2017-09-05T17:53:51.000Z,86NsHESDiRs,Grab Mod 5.23.0 Easy ping 100% secure,Bypass AR -Bypass root -Bypass xposed -Bypass Fake Gps -Bypass tracking from GC -Easy ping -No softban -100% secure Like and subscribe dont forget !,1,HIG
397,2018-05-18T21:34:18.000Z,e1wRba6UxVM,Grab Mod Version 5.39.0 No Softban 100% New system,Like and subscribe dont forget ! Cp/wa +6281294357411 4 years already cr8 mod for malaysian driver now open for singaporean driver Subscribe dont forget ...,1,HIG
398,2017-12-07T18:29:47.000Z,VMxc-0Elt_U,MOD GRAB DRIVER VERSI 5.29.0 ALL IN 1 FIX BYPASS,"GRAB DRIVER MOD VERSI 5.29 Untuk yang mau mencoba APK MOD ini, harap di CLEAR DATA terlebih dahulu aplikasi GRAB DRIVER yang terinstal di hp ...",1,HIG
399,2018-05-12T16:10:08.000Z,Vda1USxC-84,MOD GRAB BLACK V5.39.0,Percuma bilang gunakan dgn bijak sama aja taunya dijual/belikan juga.. ingat ini mod free gak berkah dijual dibelikan.. Langsung aja udah males basa basi ...,1,HIG
400,2017-09-03T06:30:07.000Z,g8daE1X-eis,APK MOD GRAB ANTI PERFORMA,"Like, Coment and Subs ya kalo dapet 10000 viewer, link akan saya dibagikan :) Thanks..",1,HIG
401,2018-01-15T06:58:50.000Z,cM0DJwJCp0s,Mod Grab RRG7 Team,"Mod Grab RRG7 Team,bagi abang grabbike driver yang sedang mencairi cara agar akunnya gacor silahkan hubungi RRG7 untuk mendapatkan Mod Grab ...",1,HIG
402,2018-05-09T00:43:20.000Z,idFUz2HKbPk,Grab Mod Version 5.38.1 No Softban 100% New system,"Subscribe dont forget Cp/Whatsapp Only 081294357411/+6281294357411 -ignore ping ,AR will increase not dropping i always not uptodate to upload the ...",1,HIG
403,2018-05-09T06:47:31.000Z,vgz_fGh7WZo,mod Grab 538 transparan,aplikasi ini tdk tuk dijual/belikan gunakan dgn bijak jaga amanah ya abang2 langsung aja lah cocol bagi yg suka kalau gak suka jgn dihina saling menghargai ...,1,HIG
404,2017-07-01T18:44:24.000Z,dBDIVfxhmu4,Mod Grab Driver 5.18.0 for Msia/Sgpore Drivers,Grab Driver Apps Modification Version for Malaysian / Singapore Driver version 5.18.0 Benefits:- - Able to hold you acceptance rate if u ignore the job that you do ...,1,HIG
405,2018-06-12T04:53:56.000Z,2ficjiAN4oA,MOD GRAB DRIVER [MALAYSIA] V.5.40.0 NO LIMITED SKIP [0184089655],MOD GRAB DRIVER [MALAYSIA] V.5.40.0 NO LIMITED SKIP [0184089655],1,HIG
406,2017-08-28T11:28:44.000Z,PTBk-Ho-sPk,"Grab mod 5.22.0 Malaysian Driver easy ping,, Hold AR ,,No Softban,,100% SECURE",Like and subscribe dont forget ! Cp/wa 081294357411 ( +6281294357411),1,HIG
407,2018-04-06T06:06:41.000Z,49b25RFTEd0,Mod Grab Gacor No PF V5.36.1,Yuk ah dicocol nih mod Grab No PF V 5.36.1 Cocok instal gak cocok uninstall Grab v5.36.1 http://sprysphere.com/Br8M Gunakan dgn bijak tdk tuk dijual belikan ...,1,HIG
408,2017-12-28T05:14:25.000Z,ZCkacv7czbs,GRAB DRIVER MOD V.5.30.1,Dont forget to Subscribe https://www.youtube.com/channel/UCrRFAxxLELeIk-dh1d0vQgw Fiture - bypass root - bypass mock location - bypass forbiden apps ...,1,HIG
409,2017-11-07T07:55:45.000Z,KtRV5Tz4Jdk,Mod Grab Bike 5.29.0,Whatsapp 0838 9217 9057 Telegram 083892179057 Telegram @YY_YH_HH.,1,HIG
410,2017-08-08T22:57:17.000Z,xdZHuFR4OLM,Grab Mod 5 18 0,Like and subscribe dont forget ! Cp/wa 081294357411.,1,HIG
411,2017-11-18T09:23:58.000Z,QDdVdXqZf5k,Mod Grab Driver Realbase Performa v5.27.2,Terima Kasih Sudah Menonton Link download mod : http://www90.zippyshare.com/v/uzwGRW5k/file.html Subscribe like dan share.,1,HIG
412,2017-10-20T02:46:46.000Z,6hGkofpsD44,Mod Grab Tester,"Mod Grab Tester,lagi nyoba Mod Grab Terbaru semoga gacoooorrrrrr.kalau abang mau yang lain bisa mampir ke sini http://bit.ly/2yo5Guw.",1,HIG
413,2017-11-29T09:09:41.000Z,3Ii3BhsvA_o,GRAB CAR HACK JOB MALAYSIA,"Malaysia Grabcar MOOD 100% softban , igrone hold AR!! https://api.whatsapp.com/send?phone=60182265696 Whatapps now to get it mod ...",1,HIG
414,2018-03-14T18:45:41.000Z,0AI5tJnXUK0,Tes mod grab,Cuma iseng aja..jangan diambil ati...,1,HIG
415,2017-11-09T11:46:06.000Z,j2Rmvlr0nD8,APK MOD GRAB PF 5.26.1,"Cuma iseng aja, cuma suka upload aja. Kalo ada yg mau ditanya, boleh coment. Salam Satu Aspal..",1,HIG
416,2017-12-15T16:59:15.000Z,YTSN__7so_M,MOD GRAB DRIVER VERSI 5.29.2 ALL IN 1 FIX BYPASS (LINK DI DESKRIPSI),"Buat temen2 yg mau nyoba bisa via email aja. Aplikasi y gratis & gak pake donate/donat ^_^ GRATIS, gua cuma minta tolong bantuan temen2 biat ngreview ...",1,HIG
417,2017-11-19T16:26:15.000Z,G0yN6MqSrCo,GM FAMILY MOD GRAB DRIVER 5.28.0,"Anti performa,Anti GAGU Gacor sepanjang aspal ---------------+++++++++----------------- http://upfile.mobi/wUOBpuKUSPM ---------------+++++++++----------------- Thx ...",1,HIG
418,2017-08-28T21:21:12.000Z,tL0fcgxLHAE,MOD Grab,Link MOD : https://drive.google.com/file/d/0B-pAKprIZJkbUmhUNXpRSHJfR0E/view.,1,HIG
419,2018-06-28T10:50:00.000Z,pMGEU1zDLQw,Mod grab PF 5.42.1,Cocok pake gak cocok buang No Zip... No pass Grab 5.42.1 http://zipansion.com/1qtKR Kunjung Facebook kami www.facebook.com/radjatube Salam 1 aspal.,1,HIG
420,2017-12-18T06:05:52.000Z,pEAt17eJMiM,link download mod grab V.5.29.2,"ketarangan mod grab 5.29.2 jangan terlalu sering melewatakan orderan yang masuk pada aplikasi, pihak grab haya bisa deteksi secara manual lewat history ...",1,HIG
421,2017-11-14T13:58:18.000Z,8OJOEr2_1qQ,Tes fake gps+mod grab,Fake gps sangat membantu pekerjaan driver online yg mau pake tinggal pake yg gak mau jangan ngebuli.,1,HIG
422,2018-01-31T01:06:21.000Z,QcdEDMRxKdc,LATEST GRAB MOD 5.31.4,For = -Singapore -Malaysia -Philiphine -Thailand -Bypass AR -Bypass root -Bypass xposed -Bypass Fake Gps -Bypass tracking from GC -Easy ping -No softban ...,1,HIG
423,2017-10-14T21:40:10.000Z,-937QVm2XRM,"5.25.0 Grab Mod Version ,, Tired work Hard ?? Anggoro MOD is the solution",For = -Singapore -Malaysia -Philiphine -Thailand -Bypass AR -Bypass root -Bypass xposed -Bypass Fake Gps -Bypass tracking from GC -Easy ping -No softban ...,1,HIG
424,2017-07-05T16:20:56.000Z,EgJFHzNh-t4,Ready mod grab 5.19,Minat hubungi saya via tele 089514944559 support grabnow Tahan performa.,1,HIG
425,2017-10-31T15:59:52.000Z,RJ813G1BTdk,MOD Grab 5.26 AntiPerfoma,Yang pentiing semangaaaat. Jangaan malees. :-),1,HIG
426,2017-11-30T17:27:44.000Z,CRt15OcBolk,MOD GRAB 5.29.0,https://www.mediafire.com/file/9theoint4wkg9ev/5_6120552177481023511.apk Link nya di atas silahkan sedot.,1,HIG
427,2018-06-10T22:52:39.000Z,MmO057ylCsE,OPEN 10 SLOT GOJEK/GRAB MOD ONLINE,"Komentar dibawah untuk link tele, No tanya2 rasakan dan nikmati hasilnya Fitur : No detek Bypass Full No Modul No delay Realbase Fake tuyul TJK wajib 5380 ...",1,HIG
428,2017-08-08T21:43:26.000Z,a23wyev1Zxw,Grab Mod 5 17 0,Like and subscribe dont forget ! Cp/wa 081294357411.,1,HIG
429,2017-11-11T10:11:45.000Z,2R9MntLONjE,Mod Grab 527,"Selamat datang di channel YouTube saya. Jangan lupa like, share, comment dan subscribe yaa ;) Find me on : https://www.instagram.com/sergiherdianto_ I ...",1,HIG
430,2017-12-15T15:51:41.000Z,pEpRl6qSs7U,Mod Grab Driver v.5.29.2  Full bypass,Linknya ada di bawah Cara donwloadnya https://youtu.be/pEAt17eJMiM Cara instal https://youtu.be/ec457JRhiGI https://youtu.be/DPYuihv3rSg ketarangan mod ...,1,HIG
431,2017-04-28T14:08:27.000Z,WOorM7z-7Ck,GRAB Mod AutoMental,Buat nahan persentase penerimaan. order cukup dilihat saja. di detik terakhir otomatis mental.,1,HIG
432,2017-08-08T21:41:05.000Z,3R0TCN-tgIc,GRAB MOD 5 16 0,Like and subscribe dont forget ! Cp/wa 081294357411.,1,HIG
433,2017-11-06T08:26:46.000Z,bLlI8XLuma0,RfMod Grab 527,"RfMod Grab 527 ini sangat mantap nih bang,gacor banget.",1,HIG
434,2017-08-08T22:44:55.000Z,DvNKNJgfVsA,Grab Mod 5 17 0 2,Like and subscribe dont forget ! Cp/wa 081294357411.,1,HIG
435,2017-06-19T10:32:17.000Z,v8EDRrNM_9A,READY MOD GRAB 5.18,Anti PF Minat hubungi 089514944559 Aplikasi dikirim via telegram.,1,HIG
436,2017-11-19T14:41:27.000Z,y6vJxLeZgHk,Grab Gm Family,"Grab GM Famaly,slah satu mod grab andalan abang abang pejuang Ojek Online.silahkan di cek bang http://bit.ly/2zTxxp0.",1,HIG
437,2017-09-05T06:59:41.000Z,CZXmh4D2T4k,Bypass Syimlink Server (Grab Config),Official : https://forum.surabayablackhat.org/d/162-bypass-syimlink-server-grab-config Fanspage : https://facebook.com/jxc.id Facebook ...,1,HIG
438,2017-10-18T23:02:50.000Z,XCej7sFpqHg,DRIVER GRAB / GOJEK FULL ORDER ( NO TUYUL / NO ROOT / ORIGINAL APP ) Part 1,"cara agar aplikasi driver online menjadi gacor, dan melubernya orderan. https://www.youtube.com/channel/UCsKE-DjMPqw7hVoKVohvVfA.",1,HIG
439,2017-12-13T17:47:10.000Z,WQNmjfNURKQ,Fake GPS Driver Online Go-Jek/Grab(edit GPS advance),"Fake GPS driver online Support Android OS 6.0 - 7.1.2 NOUGAT Link di akhir video : ""Catat link,kemudian copy kan ke address bar browser dengan ...",1,HIG
440,2017-11-05T05:00:14.000Z,pmYohqInkn8,FAKE GPS PRO for Gojek Grab Uber Premium | EP ANDROID,"Download app bottom for donate please like comment n subscribe aplikasi fake location premium / fake gps aplikasi tuyul untuk gojek, uber, grab . untuk ...",1,HIG
441,2018-01-06T14:38:37.000Z,GOvgmKW74dQ,GRAB DRIVER DAN XPOSED,Link lagi on proses. Link mirror for download simple Cek this blog. Download http://brisktopia.com/BTh8 link { http://brisktopia.com/AXnt } link ...,1,HIG
442,2017-12-17T20:35:57.000Z,kRD3lIyoNGk,TUTOR PF Grab Driver 5.29.2,No Comment... Like&Suscribe! Thx.,1,HIG
443,2018-02-14T13:07:27.000Z,CN-l-LCDFBM,CARA-CARA DOWNLOAD APPS GRAB DRIVER,Link utk install aplikasi Grab Driver ANDROID https://play.google.com/store/apps/details?id=com.grabtaxi.driver2 iPhone iOS - http://partners.grab.com/ios/latest/,1,HIG
444,2018-03-28T09:20:20.000Z,dSbU8CbSCeY,Hack grabcar malaysia all location,Boleh pm number tel dibawah.,1,HIG
445,2018-03-30T14:28:22.000Z,9sHChhcXHbM,Mod GrabBike V5.35.4 Terbaru 30-Maret-2018. By Durex Team.,Chat Via Telegram User Name = @X3MHUMAN.,1,HIG
446,2018-03-07T00:11:00.000Z,Wt4p8kevAWg,SETING MAP GOJEK/GRAB/UBER,Cara seting map gojek/grab/uber agar tidak jalan muter2 and masuk ke tol.,1,HIG
447,2018-03-13T08:22:37.000Z,g7QOKS0OoHk,"How to make GPS not bad || for driver Go-Jek, grab, Uber","Kali ini gua akan bagi pengalaman dan biar GPS kalian tidak kemana"" Like, subscribe , and share video ini Semoga bermanfaat dan salam MOTOJEK STAY ...",1,HIG
448,2017-12-12T00:45:12.000Z,5gRFR7pGxTg,MOD ANTI GAGU GRABBIKE FREE,LINK MOD GRATIS DI BAWAH INI : https://drive.google.com/file/d/18FysncNkRsGRumXoS37hVzIA9fHX9kt0/view?usp=sharing.,1,HIG
449,2017-11-22T09:55:41.000Z,NFHi29HGxqI,Tuyul UBER/GOJEK/GRAB XSPOSED MODULE,"1. Hp sudah Terinstal XPOSED 2. Buka XPOSED dan lanjutkan ke Menu download, Cari (FAKE MY GPS) silakan Unduh terlebih dahulu Dan Install 3.",1,HIG
450,2017-11-12T12:40:49.000Z,SHtHp2LLVmk,Hack GrabCar Apk 2017 Work 1000%,Hack Grab Apk 2017 Di Jamin Gacorr Dan Tarif Tinggi. Links: Bagi Yang Minat SUBSCRIBE 1000 Link Di Bagikan. Salam Grab Car.,1,HIG
451,2017-09-11T00:12:27.000Z,6hQaX1q1sLs,how to use cheat grab singapore promo code,how to use cheat grab singapore promo code for detail click this url https://clickdomain.net/grab-promo-code-singapore-2018/,1,HIG
452,2017-08-06T09:14:22.000Z,Fos8ap5eriY,Grabmod 5.20.1,Tutorial grabcar mod.,1,HIG
453,2017-05-22T14:53:10.000Z,sAK_WmWPeDs,ANTI PERFORM GRABBIKE / GRABCAR,Anti perform grab Buat driver grabbike Minat Wasap 085772845426.,1,HIG
454,2017-04-09T09:26:59.000Z,w703lmmfRW8,Fake gps Tuyul grabbike gojek uber,Jasa oprek Unlock root twrp xposed Jgn tanya bisa performance gak turun Gak maen aplikasi mod jangan tanya bisa bikin 1000 akun penumpang gak ini ...,1,HIG
455,2018-04-17T10:08:28.000Z,_vyyC72YiHo,LTFRB: Grab can't change fares on their own,"During the first hearing on the alleged illegal fares charged by Grab, the Land Transportation Franchising and Regulatory Board points out that changes in fares ...",1,HIG
456,2017-09-20T19:51:30.000Z,IYuPP6xwTV8,Mod Grab 5.23,Jgn lupa like dan subscribe biar bisa lihat pemberitahuan uploadan dari saya mod terupdate Nih cocol gan ...,1,HIG
457, , ,RfMod Grab 527, ,1,HIG
